sen_id,tpsf_id,sen_pos_in_text,sen_text
168703710166278957071808072199727000708,0,1,|La sécurité routière est un débat acteulle|
168703710166278957071808072199727000708,1,1,|La sécurité routière est un débat act|
168703710166278957071808072199727000708,2,1,"|La sécurité routière est un débat actuel, dont les |"
168703710166278957071808072199727000708,3,1,"|La sécurité routière est un débat actuel, dont l|"
168703710166278957071808072199727000708,4,1,"|La sécurité routière est un débat actuel, dont la plupat|"
168703710166278957071808072199727000708,5,1,"|La sécurité routière est un débat actuel, dont la plupa|"
168703710166278957071808072199727000708,6,1,"|La sécurité routière est un débat actuel, dont la plupart des citoyens prend part.|"

168703938343386998153100341606303968388,6,2,|Certains demandent une plus grande attention à la sécurité routui|
168703938343386998153100341606303968388,7,2,|Certains demandent une plus grande attention à la sécurité routu|
168703938343386998153100341606303968388,8,2,"|Certains demandent une plus grande attention à la sécurité routuière, |"
168703938343386998153100341606303968388,9,2,|Certains demandent une plus grande attention à la sécurité rout|
168703938343386998153100341606303968388,10,2,"|Certains demandent une plus grande attention à la sécurité routière, une plus grande vigilence, tandis que d'autre souhaiteraient|"
168703938343386998153100341606303968388,11,2,"|Certains demandent une plus grande attention à la sécurité routière, une plus grande vigilence, tandis que d'autre souhaiteraien|"
168703938343386998153100341606303968388,12,2,"|Certains demandent une plus grande attention à la sécurité routière, une plus grande vigilence, tandis que d'autres souhaiteraien|"
168703938343386998153100341606303968388,13,2,"|Certains demandent une plus grande attention à la sécurité routière, une plus grande vigilence, tandis que d'autres souhaiteraient la diminution des règles, que soit au niveau de la régleme,|"
168703938343386998153100341606303968388,14,2,"|Certains demandent une plus grande attention à la sécurité routière, une plus grande vigilence, tandis que d'autres souhaiteraient la diminution des règles, que soit au niveau de la régleme|"
168703938343386998153100341606303968388,15,2,"|Certains demandent une plus grande attention à la sécurité routière, une plus grande vigilence, tandis que d'autres souhaiteraient la diminution des règles, que soit au niveau de la réglemenation qu |"
168703938343386998153100341606303968388,16,2,"|Certains demandent une plus grande attention à la sécurité routière, une plus grande vigilence, tandis que d'autres souhaiteraient la diminution des règles, que soit au niveau de la réglemenation q|"
168703938343386998153100341606303968388,17,2,"|Certains demandent une plus grande attention à la sécurité routière, une plus grande vigilence, tandis que d'autres souhaiteraient la diminution des règles, que soit au niveau de la réglemenation qu'au niveau des sanctions.|"
168703938343386998153100341606303968388,19,2,"|Certains demandent une plus grande attention à la sécurité routière, une plus grande vigilence, tandis que d'autres souhaiteraient la diminution des règles, que soit au niveau de la réglemenation qu'au niveau des sanctions|"

168705924593421230760043811753138891908,20,3,"|dernièrment,k|"

168706346087245806646319809406954679428,22,3,"|Ce mois de juillet 2018 fut marqué par un changeme,t|"
168706346087245806646319809406954679428,23,3,|Ce mois de juillet 2018 fut marqué par un changeme|
168706346087245806646319809406954679428,24,3,|Ce mois de juillet 2018 fut marqué par un changement radicale au niveau du code de la route: la limitation a |
168706346087245806646319809406954679428,25,3,|Ce mois de juillet 2018 fut marqué par un changement radicale au niveau du code de la route: la limitation |
168706346087245806646319809406954679428,26,3,"|Ce mois de juillet 2018 fut marqué par un changement radicale au niveau du code de la route: la limitation à 80km/h sur les routes auparavan,t|"
168706346087245806646319809406954679428,27,3,|Ce mois de juillet 2018 fut marqué par un changement radicale au niveau du code de la route: la limitation à 80km/h sur les routes auparavan|
168706346087245806646319809406954679428,28,3,|Ce mois de juillet 2018 fut marqué par un changement radicale au niveau du code de la route: la limitation à 80km/h sur les routes auparavant limitées à 70.|
168706346087245806646319809406954679428,29,3,|Ce mois de juillet 2018 fut marqué par un changement radicale au niveau du code de la route: la limitation à 80km/h sur les routes auparavant limitées à |
168706346087245806646319809406954679428,30,3,|Ce mois de juillet 2018 fut marqué par un changement radicale au niveau du code de la route: la limitation à 80km/h sur les routes auparavant limitées à 90 km/h.|

168709378941306852685162890269373541508,30,4,|Cette nouvelle vitesse étaie|
168709378941306852685162890269373541508,31,4,|Cette nouvelle vitesse étai|
168709378941306852685162890269373541508,32,4,|Cette nouvelle vitesse était d|
168709378941306852685162890269373541508,33,4,|Cette nouvelle vitesse était |
168709378941306852685162890269373541508,34,4,|Cette nouvelle vitesse était résev|
168709378941306852685162890269373541508,35,4,|Cette nouvelle vitesse était |
168709378941306852685162890269373541508,36,4,|Cette nouvelle vitesse était con|
168709378941306852685162890269373541508,37,4,|Cette nouvelle vitesse était co|
168709378941306852685162890269373541508,38,4,"|Cette nouvelle vitesse était cosidérée, a|"
168709378941306852685162890269373541508,39,4,|Cette nouvelle vitesse était co|
168709378941306852685162890269373541508,40,4,"|Cette nouvelle vitesse était consiférée, |"
168709378941306852685162890269373541508,41,4,|Cette nouvelle vitesse était consi|
168709378941306852685162890269373541508,42,4,"|Cette nouvelle vitesse était considérée, avant la réglementation, comme résev|"
168709378941306852685162890269373541508,43,4,"|Cette nouvelle vitesse était considérée, avant la réglementation, comme rése|"
168709378941306852685162890269373541508,44,4,"|Cette nouvelle vitesse était considérée, avant la réglementation, comme réservée aux nouveaux cnd|"
168709378941306852685162890269373541508,45,4,"|Cette nouvelle vitesse était considérée, avant la réglementation, comme réservée aux nouveaux c|"
168709378941306852685162890269373541508,46,4,"|Cette nouvelle vitesse était considérée, avant la réglementation, comme réservée aux nouveaux conducteurw|"
168709378941306852685162890269373541508,47,4,"|Cette nouvelle vitesse était considérée, avant la réglementation, comme réservée aux nouveaux conducteur|"
168709378941306852685162890269373541508,48,4,"|Cette nouvelle vitesse était considérée, avant la réglementation, comme réservée aux nouveaux conducteurs, qy|"
168709378941306852685162890269373541508,49,4,"|Cette nouvelle vitesse était considérée, avant la réglementation, comme réservée aux nouveaux conducteurs, q|"
168709378941306852685162890269373541508,50,4,"|Cette nouvelle vitesse était considérée, avant la réglementation, comme réservée aux nouveaux conducteurs, qui devau|"
168709378941306852685162890269373541508,51,4,"|Cette nouvelle vitesse était considérée, avant la réglementation, comme réservée aux nouveaux conducteurs, qui deva|"
168709378941306852685162890269373541508,52,4,"|Cette nouvelle vitesse était considérée, avant la réglementation, comme réservée aux nouveaux conducteurs, qui devait l'appliquer pendant toute la durée de leur permis probatoire.|"

168724606594142094290848369416628120708,52,5,"|Aujourd'hui, cette régelementation c|"
168724606594142094290848369416628120708,53,5,"|Aujourd'hui, cette réglementation c|"
168724606594142094290848369416628120708,54,5,"|Aujourd'hui, cette réglementation concerne tp|"
168724606594142094290848369416628120708,55,5,"|Aujourd'hui, cette réglementation concerne t|"
168724606594142094290848369416628120708,56,5,"|Aujourd'hui, cette réglementation concerne tout le monde, et c'est bien pour cette rison que cekla |"
168724606594142094290848369416628120708,57,5,"|Aujourd'hui, cette réglementation concerne tout le monde, et c'est bien pour cette rison que ce|"
168724606594142094290848369416628120708,58,5,"|Aujourd'hui, cette réglementation concerne tout le monde, et c'est bien pour cette rison que cema|"
168724606594142094290848369416628120708,59,5,"|Aujourd'hui, cette réglementation concerne tout le monde, et c'est bien pour cette rison que ce|"
168724606594142094290848369416628120708,60,5,"|Aujourd'hui, cette réglementation concerne tout le monde, et c'est bien pour cette rison que cem|"
168724606594142094290848369416628120708,61,5,"|Aujourd'hui, cette réglementation concerne tout le monde, et c'est bien pour cette rison que ce|"
168724606594142094290848369416628120708,62,5,"|Aujourd'hui, cette réglementation concerne tout le monde, et c'est bien pour cette rison que cela crée autant de débat.v|"
168724606594142094290848369416628120708,63,5,"|Aujourd'hui, cette réglementation concerne tout le monde, et c'est bien pour cette rison que cela crée autant de débat.|"

168738981751948682412261342030977084548,64,6,|Passer u|
168738981751948682412261342030977084548,65,6,|Passer |
168738981751948682412261342030977084548,66,6,"|Passer à 80km/h, selon les calculs de phycu|"
168738981751948682412261342030977084548,67,6,"|Passer à 80km/h, selon les calculs de phy|"
168738981751948682412261342030977084548,68,6,"|Passer à 80km/h, selon les calculs de physiciens et |"
168738981751948682412261342030977084548,69,6,"|Passer à 80km/h, selon les calculs de physiciens |"
168738981751948682412261342030977084548,70,6,"|Passer à 80km/h, selon les calculs de physiciens rapportés par l'Eyazy|"
168738981751948682412261342030977084548,71,6,"|Passer à 80km/h, selon les calculs de physiciens rapportés par l'E|"
168738981751948682412261342030977084548,72,6,"|Passer à 80km/h, selon les calculs de physiciens rapportés par l'Etat; |"
168738981751948682412261342030977084548,73,6,"|Passer à 80km/h, selon les calculs de physiciens rapportés par l'Etat|"
168738981751948682412261342030977084548,74,6,"|Passer à 80km/h, selon les calculs de physiciens rapportés par l'Etat, c'est diminur |"
168738981751948682412261342030977084548,75,6,"|Passer à 80km/h, selon les calculs de physiciens rapportés par l'Etat, c'est diminu|"
168738981751948682412261342030977084548,76,6,"|Passer à 80km/h, selon les calculs de physiciens rapportés par l'Etat, c'est diminuer la distance de freinage, et donc gan|"
168738981751948682412261342030977084548,77,6,"|Passer à 80km/h, selon les calculs de physiciens rapportés par l'Etat, c'est diminuer la distance de freinage, et donc ga|"
168738981751948682412261342030977084548,78,6,"|Passer à 80km/h, selon les calculs de physiciens rapportés par l'Etat, c'est diminuer la distance de freinage, et donc gagne r|"
168738981751948682412261342030977084548,79,6,"|Passer à 80km/h, selon les calculs de physiciens rapportés par l'Etat, c'est diminuer la distance de freinage, et donc gagne|"
168738981751948682412261342030977084548,80,6,"|Passer à 80km/h, selon les calculs de physiciens rapportés par l'Etat, c'est diminuer la distance de freinage, et donc gagner 13 mètres entre la voitrure et |"
168738981751948682412261342030977084548,81,6,"|Passer à 80km/h, selon les calculs de physiciens rapportés par l'Etat, c'est diminuer la distance de freinage, et donc gagner 13 mètres entre la voit|"
168738981751948682412261342030977084548,82,6,"|Passer à 80km/h, selon les calculs de physiciens rapportés par l'Etat, c'est diminuer la distance de freinage, et donc gagner 13 mètres entre la voiture et l'impact.|"

168771030335967327479461306494327499908,82,7,|Seulemenyt|
168771030335967327479461306494327499908,83,7,|Seulemen|
168771030335967327479461306494327499908,84,7,"|Seulement, pôur|"
168771030335967327479461306494327499908,85,7,"|Seulement, |"
168771030335967327479461306494327499908,86,7,"|Seulement, beaucoup de conducteur d|"
168771030335967327479461306494327499908,87,7,"|Seulement, beaucoup de conducteur |"
168771030335967327479461306494327499908,88,7,"|Seulement, beaucoup de conducteur ne respecte pas cette mise en vui|"
168771030335967327479461306494327499908,89,7,"|Seulement, beaucoup de conducteur ne respecte pas cette mise en v|"
168771030335967327479461306494327499908,90,7,"|Seulement, beaucoup de conducteur ne respecte pas cette mise en vigueur, ce qui est dans un sens dangereux.|"
168771030335967327479461306494327499908,91,7,"|Seulement, beaucoup de conducteur ne respecte pas cette mise en vigueur, ce qui est dans un sens da|"
168771030335967327479461306494327499908,92,7,"|Seulement, beaucoup de conducteur ne respecte pas cette mise en vigueur, ce qui est dans un sens dangereux pour ceux qui re|"
168771030335967327479461306494327499908,93,7,"|Seulement, beaucoup de conducteur ne respecte pas cette mise en vigueur, ce qui est dans un sens dangereux pour ceux qui |"
168771030335967327479461306494327499908,94,7,"|Seulement, beaucoup de conducteur ne respecte pas cette mise en vigueur, ce qui est dans un sens dangereux pour ceux qui la respete|"
168771030335967327479461306494327499908,95,7,"|Seulement, beaucoup de conducteur ne respecte pas cette mise en vigueur, ce qui est dans un sens dangereux pour ceux qui la respe|"
168771030335967327479461306494327499908,96,7,"|Seulement, beaucoup de conducteur ne respecte pas cette mise en vigueur, ce qui est dans un sens dangereux pour ceux qui la respecte;|"
168771030335967327479461306494327499908,97,7,"|Seulement, beaucoup de conducteur ne respecte pas cette mise en vigueur, ce qui est dans un sens dangereux pour ceux qui la respecte|"
168771030335967327479461306494327499908,98,7,"|Seulement, beaucoup de conducteur ne respecte pas cette mise en vigueur, ce qui est dans un sens dangereux pour ceux qui la respecte, et pou |"
168771030335967327479461306494327499908,99,7,"|Seulement, beaucoup de conducteur ne respecte pas cette mise en vigueur, ce qui est dans un sens dangereux pour ceux qui la respecte, et pou|"
168771030335967327479461306494327499908,100,7,"|Seulement, beaucoup de conducteur ne respecte pas cette mise en vigueur, ce qui est dans un sens dangereux pour ceux qui la respecte, et pour ceux qui sonr |"
168771030335967327479461306494327499908,101,7,"|Seulement, beaucoup de conducteur ne respecte pas cette mise en vigueur, ce qui est dans un sens dangereux pour ceux qui la respecte, et pour ceux qui son|"
168771030335967327479461306494327499908,102,7,"|Seulement, beaucoup de conducteur ne respecte pas cette mise en vigueur, ce qui est dans un sens dangereux pour ceux qui la respecte, et pour ceux qui sont en face ou qui partage |"
168771030335967327479461306494327499908,103,7,"|Seulement, beaucoup de conducteur ne respecte pas cette mise en vigueur, ce qui est dans un sens dangereux pour ceux qui la respecte, et pour ceux qui sont en face ou qui partage|"
168771030335967327479461306494327499908,104,7,"|Seulement, beaucoup de conducteur ne respecte pas cette mise en vigueur, ce qui est dans un sens dangereux pour ceux qui la respecte, et pour ceux qui sont en face ou qui partagent la chausée|"
168771030335967327479461306494327499908,105,7,"|Seulement, beaucoup de conducteur ne respecte pas cette mise en vigueur, ce qui est dans un sens dangereux pour ceux qui la respecte, et pour ceux qui sont en face ou qui partagent la chau|"
168771030335967327479461306494327499908,106,7,"|Seulement, beaucoup de conducteur ne respecte pas cette mise en vigueur, ce qui est dans un sens dangereux pour ceux qui la respecte, et pour ceux qui sont en face ou qui partagent la chaussée.|"

168836041797000032224317064918215208068,106,8,|Avec l'|
168836041797000032224317064918215208068,107,8,|Avec |
168836041797000032224317064918215208068,108,8,|Avec l'|
168836041797000032224317064918215208068,109,8,|Avec l|
168836041797000032224317064918215208068,110,8,|Avec l'apparition de la limitation à 80|
168836041797000032224317064918215208068,112,8,"|Avec l'apparition de la limitation à 80km/h, on a vu naitre d'autres|"
168836041797000032224317064918215208068,113,8,"|Avec l'apparition de la limitation à 80km/h, on a vu naitre d'autre|"
168836041797000032224317064918215208068,114,8,"|Avec l'apparition de la limitation à 80km/h, on a vu naitre d'autre phénomènes: l'augmenation |"
168836041797000032224317064918215208068,115,8,"|Avec l'apparition de la limitation à 80km/h, on a vu naitre d'autre phénomènes: l'augme|"
168836041797000032224317064918215208068,116,8,"|Avec l'apparition de la limitation à 80km/h, on a vu naitre d'autre phénomènes: l'augmentation de ralentissements d|"
168836041797000032224317064918215208068,117,8,"|Avec l'apparition de la limitation à 80km/h, on a vu naitre d'autre phénomènes: l'augmentation de ralentissements|"
168836041797000032224317064918215208068,118,8,"|Avec l'apparition de la limitation à 80km/h, on a vu naitre d'autre phénomènes: l'augmentation de ralentissements sur les routes, la hausse de |"
168836041797000032224317064918215208068,119,8,"|Avec l'apparition de la limitation à 80km/h, on a vu naitre d'autre phénomènes: l'augmentation de ralentissements sur les routes, la hausse de|"
168836041797000032224317064918215208068,120,8,"|Avec l'apparition de la limitation à 80km/h, on a vu naitre d'autre phénomènes: l'augmentation de ralentissements sur les routes, la hausse des |"
168836041797000032224317064918215208068,121,8,"|Avec l'apparition de la limitation à 80km/h, on a vu naitre d'autre phénomènes: l'augmentation de ralentissements sur les routes, la |"
168836041797000032224317064918215208068,122,8,"|Avec l'apparition de la limitation à 80km/h, on a vu naitre d'autre phénomènes: l'augmentation de ralentissements sur les routes, la présence de nouveaux radars et des technologies diverses et variée pour prendre les conducteurs non respectueux sur le fait.|"
168836041797000032224317064918215208068,140,8,"|Avec l'apparition de la limitation à 80km/h, on a vu naitre d'autre phénomènes: l'augmentation de ralentissements sur les routes, la présence de nouveaux radars et des technologies diverses et variée pour prendre les conducteurs non respectueux sur le fait0.|"
168836041797000032224317064918215208068,141,8,"|Avec l'apparition de la limitation à 80km/h, on a vu naitre d'autre phénomènes: l'augmentation de ralentissements sur les routes, la présence de nouveaux radars et des technologies diverses et variée pour prendre les conducteurs non respectueux sur le fait.|"

168893177978678819094016025073439517828,122,9,|Les radars et autres moyens mise |
168893177978678819094016025073439517828,123,9,|Les radars et autres moyens mis|
168893177978678819094016025073439517828,124,9,|Les radars et autres moyens mis en place |
168893177978678819094016025073439517828,125,9,|Les radars et autres moyens mi en place |
168893177978678819094016025073439517828,126,9,|Les radars et autres moyens mient en place |
168893177978678819094016025073439517828,127,9,|Les radars et autres moyens mi en place |
168893177978678819094016025073439517828,128,9,|Les radars et autres moyens misent en place |
168893177978678819094016025073439517828,129,9,|Les radars et autres moyens mi en place |
168893177978678819094016025073439517828,130,9,|Les radars et autres moyens mis en place |
168893177978678819094016025073439517828,131,9,|Les radars et autres moyens mis en place n'ont jaamsi autant fonctionnés depuis leur |
168893177978678819094016025073439517828,132,9,|Les radars et autres moyens mis en place n'ont jaamsi autant fonctionnés depuis leur|
168893177978678819094016025073439517828,133,9,"|Les radars et autres moyens mis en place n'ont jaamsi autant fonctionnés depuis leurs positionneùe,|"
168893177978678819094016025073439517828,134,9,|Les radars et autres moyens mis en place n'ont jaamsi autant fonctionnés depuis|
168893177978678819094016025073439517828,135,9,|Les radars et autres moyens mis en place n'ont jaamsi autant fonctionnés depuis ce mois d |
168893177978678819094016025073439517828,136,9,|Les radars et autres moyens mis en place n'ont jaamsi autant fonctionnés depuis ce mois d|
168893177978678819094016025073439517828,137,9,|Les radars et autres moyens mis en place n'ont jaamsi autant fonctionnés depuis ce mois de juillet.|
168893177978678819094016025073439517828,138,9,|Les radars et autres moyens mis en place n'ont ja autant fonctionnés depuis ce mois de juillet.|
168893177978678819094016025073439517828,139,9,|Les radars et autres moyens mis en place n'ont jamais autant fonctionnés depuis ce mois de juillet.|
168893177978678819094016025073439517828,142,9,|Les radars et autres moyens mis en place n'ont jamais autant fonctionnés depuis ce mois de juillet|
168893177978678819094016025073439517828,143,9,"|Les radars et autres moyens mis en place n'ont jamais autant fonctionnés depuis ce mois de juillet, et les acciuda|"
168893177978678819094016025073439517828,144,9,"|Les radars et autres moyens mis en place n'ont jamais autant fonctionnés depuis ce mois de juillet, et les acc|"
168893177978678819094016025073439517828,145,9,"|Les radars et autres moyens mis en place n'ont jamais autant fonctionnés depuis ce mois de juillet, et les accidan|"
168893177978678819094016025073439517828,146,9,"|Les radars et autres moyens mis en place n'ont jamais autant fonctionnés depuis ce mois de juillet, et les accid|"
168893177978678819094016025073439517828,147,9,"|Les radars et autres moyens mis en place n'ont jamais autant fonctionnés depuis ce mois de juillet, et les accidents et victimes de la rouite ont, eux, diminue|"
168893177978678819094016025073439517828,148,9,"|Les radars et autres moyens mis en place n'ont jamais autant fonctionnés depuis ce mois de juillet, et les accidents et victimes de la rouite ont, eux, diminu|"
168893177978678819094016025073439517828,149,9,"|Les radars et autres moyens mis en place n'ont jamais autant fonctionnés depuis ce mois de juillet, et les accidents et victimes de la rouite ont, eux, diminués.|"

169029865573774928499805910838317198468,149,10,"|Les sactions sont fortes, mles |"
169029865573774928499805910838317198468,150,10,"|Les sactions sont fortes, |"
169029865573774928499805910838317198468,151,10,"|Les sactions sont fortes, les amandes |"
169029865573774928499805910838317198468,152,10,"|Les sactions sont fortes, les am|"
169029865573774928499805910838317198468,153,10,"|Les sactions sont fortes, les ame,d|"
169029865573774928499805910838317198468,154,10,"|Les sactions sont fortes, les ame|"
169029865573774928499805910838317198468,155,10,"|Les sactions sont fortes, les ame,|"
169029865573774928499805910838317198468,156,10,"|Les sactions sont fortes, les ame|"
169029865573774928499805910838317198468,157,10,"|Les sactions sont fortes, les amendes relativement salées mais les résultats sont là.|"
169029865573774928499805910838317198468,158,10,"|Les sactions sont fortes, les amendes relativement salées mais les résultats sont là|"
169029865573774928499805910838317198468,159,10,"|Les sactions sont fortes, les amendes relativement salées mais les résultats sont là: plus d'arg|"
169029865573774928499805910838317198468,160,10,"|Les sactions sont fortes, les amendes relativement salées mais les résultats sont là: |"
169029865573774928499805910838317198468,161,10,"|Les sactions sont fortes, les amendes relativement salées mais les résultats sont là: une mise ne |"
169029865573774928499805910838317198468,162,10,"|Les sactions sont fortes, les amendes relativement salées mais les résultats sont là: u|"
169029865573774928499805910838317198468,163,10,"|Les sactions sont fortes, les amendes relativement salées mais les résultats sont là: une grande somme d'argent récoltée et des vies sauvées.|"

169120134180735555572843115138132520068,163,11,"|Cependant, la vitesse est un factuer de mort |"
169120134180735555572843115138132520068,164,11,"|Cependant, la vitesse est un fact|"
169120134180735555572843115138132520068,165,11,"|Cependant, la vitesse est un facteur d'accident, mais qu'en a|"
169120134180735555572843115138132520068,166,11,"|Cependant, la vitesse est un facteur d'accident, mais qu'en |"
169120134180735555572843115138132520068,167,11,"|Cependant, la vitesse est un facteur d'accident, mais qu'en est |"
169120134180735555572843115138132520068,168,11,"|Cependant, la vitesse est un facteur d'accident, mais qu'en est|"
169120134180735555572843115138132520068,169,11,"|Cependant, la vitesse est un facteur d'accident, mais qu'en est(|"
169120134180735555572843115138132520068,170,11,"|Cependant, la vitesse est un facteur d'accident, mais qu'en est|"
169120134180735555572843115138132520068,171,11,"|Cependant, la vitesse est un facteur d'accident, mais qu'en est-il de l'alcooli|"
169120134180735555572843115138132520068,172,11,"|Cependant, la vitesse est un facteur d'accident, mais qu'en est-il de l'alcool|"
169120134180735555572843115138132520068,173,11,"|Cependant, la vitesse est un facteur d'accident, mais qu'en est-il de l'alcoolémie, les |"
169120134180735555572843115138132520068,174,11,"|Cependant, la vitesse est un facteur d'accident, mais qu'en est-il de l'alcoolémie, l|"
169120134180735555572843115138132520068,175,11,"|Cependant, la vitesse est un facteur d'accident, mais qu'en est-il de l'alcoolémie, ld|"
169120134180735555572843115138132520068,176,11,"|Cependant, la vitesse est un facteur d'accident, mais qu'en est-il de l'alcoolémie, |"
169120134180735555572843115138132520068,177,11,"|Cependant, la vitesse est un facteur d'accident, mais qu'en est-il de l'alcoolémie, des substances illicité|"
169120134180735555572843115138132520068,178,11,"|Cependant, la vitesse est un facteur d'accident, mais qu'en est-il de l'alcoolémie, des substances illicit|"
169120134180735555572843115138132520068,179,11,"|Cependant, la vitesse est un facteur d'accident, mais qu'en est-il de l'alcoolémie, des substances illicites, op|"
169120134180735555572843115138132520068,180,11,"|Cependant, la vitesse est un facteur d'accident, mais qu'en est-il de l'alcoolémie, des substances illicites, o|"
169120134180735555572843115138132520068,181,11,"|Cependant, la vitesse est un facteur d'accident, mais qu'en est-il de l'alcoolémie, des substances illicites, ou encore de facteurs plus neurologiques |"
169120134180735555572843115138132520068,182,11,"|Cependant, la vitesse est un facteur d'accident, mais qu'en est-il de l'alcoolémie, des substances illicites, ou encore de facteurs plus neurologiques|"
169120134180735555572843115138132520068,183,11,"|Cependant, la vitesse est un facteur d'accident, mais qu'en est-il de l'alcoolémie, des substances illicites, ou encore de facteurs plus neurologiques, comme la fatigue?|"

169276368155805559133360704130997595268,183,12,|Tout ce|
169276368155805559133360704130997595268,184,12,|Tou|
169276368155805559133360704130997595268,185,12,|Tous ces pori|
169276368155805559133360704130997595268,186,12,|Tous ces p|
169276368155805559133360704130997595268,187,12,|Tous ces problèmes devraient être traités.|

169311302229502973707735825465019247748,187,13,"|Des moyens ont été mis en place, comme un nouveazu code|"
169311302229502973707735825465019247748,188,13,"|Des moyens ont été mis en place, comme un nouvea|"
169311302229502973707735825465019247748,189,13,"|Des moyens ont été mis en place, comme un nouveau code de la route, qui a mo|"
169311302229502973707735825465019247748,190,13,"|Des moyens ont été mis en place, comme un nouveau code de la route, qui a m|"
169311302229502973707735825465019247748,191,13,"|Des moyens ont été mis en place, comme un nouveau code de la route, qui a mis l'accent sur ces risuqes |"
169311302229502973707735825465019247748,192,13,"|Des moyens ont été mis en place, comme un nouveau code de la route, qui a mis l'accent sur ces ris|"
169311302229502973707735825465019247748,193,13,"|Des moyens ont été mis en place, comme un nouveau code de la route, qui a mis l'accent sur ces risques là; |"
169311302229502973707735825465019247748,194,13,"|Des moyens ont été mis en place, comme un nouveau code de la route, qui a mis l'accent sur ces risques là|"
169311302229502973707735825465019247748,195,13,"|Des moyens ont été mis en place, comme un nouveau code de la route, qui a mis l'accent sur ces risques là, d|"
169311302229502973707735825465019247748,196,13,"|Des moyens ont été mis en place, comme un nouveau code de la route, qui a mis l'accent sur ces risques là, |"
169311302229502973707735825465019247748,197,13,"|Des moyens ont été mis en place, comme un nouveau code de la route, qui a mis l'accent sur ces risques là, sans pour autrant r|"
169311302229502973707735825465019247748,198,13,"|Des moyens ont été mis en place, comme un nouveau code de la route, qui a mis l'accent sur ces risques là, sans pour aut|"
169311302229502973707735825465019247748,199,13,"|Des moyens ont été mis en place, comme un nouveau code de la route, qui a mis l'accent sur ces risques là, sans pour autant réellement sensibiliser les jeunes conducteurs.|"

169424326749300947783816647458250075268,199,14,|D'aillle|
169424326749300947783816647458250075268,200,14,|D'aill|
169424326749300947783816647458250075268,201,14,"|D'ailleurs, ce n|"
169424326749300947783816647458250075268,202,14,"|D'ailleurs, c|"
169424326749300947783816647458250075268,203,14,"|D'ailleurs, cq|"
169424326749300947783816647458250075268,204,14,"|D'ailleurs, |"
169424326749300947783816647458250075268,205,14,"|D'ailleurs, qu'en a|"
169424326749300947783816647458250075268,206,14,"|D'ailleurs, qu'en |"
169424326749300947783816647458250075268,207,14,"|D'ailleurs, qu'en es(|"
169424326749300947783816647458250075268,208,14,"|D'ailleurs, qu'en es|"
169424326749300947783816647458250075268,209,14,"|D'ailleurs, qu'en est-il de cey|"
169424326749300947783816647458250075268,210,14,"|D'ailleurs, qu'en est-il de ce|"
169424326749300947783816647458250075268,211,14,"|D'ailleurs, qu'en est-il de ceux qui ont leur pr|"
169424326749300947783816647458250075268,212,14,"|D'ailleurs, qu'en est-il de ceux qui ont leur p|"
169424326749300947783816647458250075268,213,14,"|D'ailleurs, qu'en est-il de ceux qui ont leur permis de |"
169424326749300947783816647458250075268,214,14,"|D'ailleurs, qu'en est-il de ceux qui ont leur permis de|"
169424326749300947783816647458250075268,215,14,"|D'ailleurs, qu'en est-il de ceux qui ont leur permis depuis plus lonbgt|"
169424326749300947783816647458250075268,216,14,"|D'ailleurs, qu'en est-il de ceux qui ont leur permis depuis plus lon|"
169424326749300947783816647458250075268,217,14,"|D'ailleurs, qu'en est-il de ceux qui ont leur permis depuis plus lonh|"
169424326749300947783816647458250075268,218,14,"|D'ailleurs, qu'en est-il de ceux qui ont leur permis depuis plus lon|"
169424326749300947783816647458250075268,219,14,"|D'ailleurs, qu'en est-il de ceux qui ont leur permis depuis plus longtemps, de ceux qui font partie de '|"
169424326749300947783816647458250075268,220,14,"|D'ailleurs, qu'en est-il de ceux qui ont leur permis depuis plus longtemps, de ceux qui font partie de |"
169424326749300947783816647458250075268,221,14,"|D'ailleurs, qu'en est-il de ceux qui ont leur permis depuis plus longtemps, de ceux qui font partie de ""l""|"
169424326749300947783816647458250075268,222,14,"|D'ailleurs, qu'en est-il de ceux qui ont leur permis depuis plus longtemps, de ceux qui font partie de ""l|"
169424326749300947783816647458250075268,223,14,"|D'ailleurs, qu'en est-il de ceux qui ont leur permis depuis plus longtemps, de ceux qui font partie de ""l'ancinne|"
169424326749300947783816647458250075268,224,14,"|D'ailleurs, qu'en est-il de ceux qui ont leur permis depuis plus longtemps, de ceux qui font partie de ""l'anci|"
169424326749300947783816647458250075268,225,14,"|D'ailleurs, qu'en est-il de ceux qui ont leur permis depuis plus longtemps, de ceux qui font partie de ""l'ancienne généra|"
169424326749300947783816647458250075268,226,14,"|D'ailleurs, qu'en est-il de ceux qui ont leur permis depuis plus longtemps, de ceux qui font partie de ""l'ancienne génér|"
169424326749300947783816647458250075268,227,14,"|D'ailleurs, qu'en est-il de ceux qui ont leur permis depuis plus longtemps, de ceux qui font partie de ""l'ancienne génération"" où la s|"
169424326749300947783816647458250075268,228,14,"|D'ailleurs, qu'en est-il de ceux qui ont leur permis depuis plus longtemps, de ceux qui font partie de ""l'ancienne génération"" où la |"
169424326749300947783816647458250075268,229,14,"|D'ailleurs, qu'en est-il de ceux qui ont leur permis depuis plus longtemps, de ceux qui font partie de ""l'ancienne génération"" où la ceinture de sécurité n'était pas oblio|"
169424326749300947783816647458250075268,230,14,"|D'ailleurs, qu'en est-il de ceux qui ont leur permis depuis plus longtemps, de ceux qui font partie de ""l'ancienne génération"" où la ceinture de sécurité n'était pas obli|"
169424326749300947783816647458250075268,231,14,"|D'ailleurs, qu'en est-il de ceux qui ont leur permis depuis plus longtemps, de ceux qui font partie de ""l'ancienne génération"" où la ceinture de sécurité n'était pas obligatoire, et où les restructions |"
169424326749300947783816647458250075268,232,14,"|D'ailleurs, qu'en est-il de ceux qui ont leur permis depuis plus longtemps, de ceux qui font partie de ""l'ancienne génération"" où la ceinture de sécurité n'était pas obligatoire, et où les restr|"
169424326749300947783816647458250075268,233,14,"|D'ailleurs, qu'en est-il de ceux qui ont leur permis depuis plus longtemps, de ceux qui font partie de ""l'ancienne génération"" où la ceinture de sécurité n'était pas obligatoire, et où les restrictions étaient moins |"
169424326749300947783816647458250075268,234,14,"|D'ailleurs, qu'en est-il de ceux qui ont leur permis depuis plus longtemps, de ceux qui font partie de ""l'ancienne génération"" où la ceinture de sécurité n'était pas obligatoire, et où les restrictions étaient moi|"
169424326749300947783816647458250075268,235,14,"|D'ailleurs, qu'en est-il de ceux qui ont leur permis depuis plus longtemps, de ceux qui font partie de ""l'ancienne génération"" où la ceinture de sécurité n'était pas obligatoire, et où les restrictions étaient moindres.|"
169424326749300947783816647458250075268,236,14,"|D'ailleurs, qu'en est-il de ceux qui ont leur permis depuis plus longtemps, de ceux qui font partie de ""l'ancienne génération"" où la ceinture de sécurité n'était pas obligatoire, et où les restrictions étaient moindres|"
169424326749300947783816647458250075268,237,14,"|D'ailleurs, qu'en est-il de ceux qui ont leur permis depuis plus longtemps, de ceux qui font partie de ""l'ancienne génération"" où la ceinture de sécurité n'était pas obligatoire, et où les restrictions étaient moindres?|"

169719953168935297734609565806457302148,225,15,|t|

169878318381576935005808421131586415748,237,15,|sào|

169904221237029348588341254390709267588,239,15,|Sont |
169904221237029348588341254390709267588,240,15,|Sont|
169904221237029348588341254390709267588,241,15,|Sont-iols |
169904221237029348588341254390709267588,242,15,|Sont-i|
169904221237029348588341254390709267588,243,15,|Sont-ils plus à même d |
169904221237029348588341254390709267588,244,15,|Sont-ils plus à même d|
169904221237029348588341254390709267588,245,15,|Sont-ils plus à même de rr|
169904221237029348588341254390709267588,246,15,|Sont-ils plus à même de r|
169904221237029348588341254390709267588,247,15,|Sont-ils plus à même de respecterces |
169904221237029348588341254390709267588,248,15,|Sont-ils plus à même de respecter|
169904221237029348588341254390709267588,249,15,|Sont-ils plus à même de respecter cxe|
169904221237029348588341254390709267588,250,15,|Sont-ils plus à même de respecter c|
169904221237029348588341254390709267588,251,15,|Sont-ils plus à même de respecter ces cg|
169904221237029348588341254390709267588,252,15,|Sont-ils plus à même de respecter ces c|
169904221237029348588341254390709267588,253,15,"|Sont-ils plus à même de respecter ces changements, où on contraire, sont-ils plus enclins à outrepasser les règles?|"

