sen_id,sen_text,MC,CC,SC,MR,GR
300739284577518510254031174507045366916,Eigentlich ist e ,,,SC,,GR
300739284577518510254031174507045366916,Eigentlich ist e,,,,,GR
300739284577518510254031174507045366916,Eigentlich ist es gerad ,,,SC,,GR
300739284577518510254031174507045366916,Eigentlich ist es gerad,,,SC,,GR
300739284577518510254031174507045366916,"Eigentlich ist es gerade sehr passend, jetzt wo ich so ungefähr in der Hälfte des Studiumsb",,,SC,,GR
300739284577518510254031174507045366916,"Eigentlich ist es gerade sehr passend, jetzt wo ich so ungefähr in der Hälfte des Studiums",,,SC,,GR
300739284577518510254031174507045366916,"Eigentlich ist es gerade sehr passend, jetzt wo ich so ungefähr in der Hälfte des Studiums bin, einmal zu reflektieren und zu überlegen, warum ich überhaupt im Studiengang 'Sprachliche Integratio",,,SC,,GR
300739284577518510254031174507045366916,"Eigentlich ist es gerade sehr passend, jetzt wo ich so ungefähr in der Hälfte des Studiums bin, einmal zu reflektieren und zu überlegen, warum ich überhaupt im Studiengang 'Sprachliche Integration' stdu",,,SC,,GR
300739284577518510254031174507045366916,"Eigentlich ist es gerade sehr passend, jetzt wo ich so ungefähr in der Hälfte des Studiums bin, einmal zu reflektieren und zu überlegen, warum ich überhaupt im Studiengang 'Sprachliche Integration' st",,,SC,,GR
300739284577518510254031174507045366916,"Eigentlich ist es gerade sehr passend, jetzt wo ich so ungefähr in der Hälfte des Studiums bin, einmal zu reflektieren und zu überlegen, warum ich überhaupt im Studiengang 'Sprachliche Integration' stujd",,,SC,,GR
300739284577518510254031174507045366916,"Eigentlich ist es gerade sehr passend, jetzt wo ich so ungefähr in der Hälfte des Studiums bin, einmal zu reflektieren und zu überlegen, warum ich überhaupt im Studiengang 'Sprachliche Integration' stu",,,SC,,GR
300739284577518510254031174507045366916,"Eigentlich ist es gerade sehr passend, jetzt wo ich so ungefähr in der Hälfte des Studiums bin, einmal zu reflektieren und zu überlegen, warum ich überhaupt im Studiengang 'Sprachliche Integration' studiere.",MC,CC,SC,MR,GR
300739284577518510254031174507045366916,"Eigentlich ist es gerade sehr passend, jetzt wo ich ungefähr in der Hälfte des Studiums bin, einmal zu reflektieren und zu überlegen, warum ich überhaupt im Studiengang 'Sprachliche Integration' studiere.",MC,CC,SC,MR,GR
300739347960048521665501249342205635716,Wenn ich mei,,,,,GR
300739347960048521665501249342205635716,Wenn ich meine bisherige  er,,,,,GR
300739347960048521665501249342205635716,Wenn ich meine bisherige  ,,,,,GR
300739347960048521665501249342205635716,Wenn ich meine bisherige  berufliche Laufbahn ber,,,,,GR
300739347960048521665501249342205635716,Wenn ich meine bisherige  berufliche Laufbahn be,,,,,GR
300739347960048521665501249342205635716,"Wenn ich meine bisherige  berufliche Laufbahn betrachte, mu",,,SC,,GR
300739347960048521665501249342205635716,Wenn ich meine bisherige  berufliche Laufbahn betrachte,,,SC,,GR
300739347960048521665501249342205635716,"Wenn ich meine bisherige  berufliche Laufbahn betrachte muss ich feststellen, dass ich sehr vielseitige Br",,,SC,,GR
300739347960048521665501249342205635716,"Wenn ich meine bisherige  berufliche Laufbahn betrachte muss ich feststellen, dass ich sehr vielseitige B",,,SC,,GR
300739347960048521665501249342205635716,"Wenn ich meine bisherige  berufliche Laufbahn betrachte muss ich feststellen, dass ich sehr vielseitige Berufserfahrungen m ",,,SC,,GR
300739347960048521665501249342205635716,"Wenn ich meine bisherige  berufliche Laufbahn betrachte muss ich feststellen, dass ich sehr vielseitige Berufserfahrungen machen durfte.",MC,CC,SC,,GR
300739397873790905652033933274894347396,Alle diese Erfahrungen hab,,,SC,,GR
300739397873790905652033933274894347396,Alle diese Erfahrungen haben mich schlussendlich zu ,,,SC,,GR
300739397873790905652033933274894347396,Alle diese Erfahrungen haben mich schlussendlich ,,,SC,,GR
300739397873790905652033933274894347396,"Alle diese Erfahrungen haben mich schlussendlich dazu gebracht, mit 30 nohc",,,SC,,GR
300739397873790905652033933274894347396,"Alle diese Erfahrungen haben mich schlussendlich dazu gebracht, mit 30 no",,,SC,,GR
300739397873790905652033933274894347396,"Alle diese Erfahrungen haben mich schlussendlich dazu gebracht, mit 30 noch",,,SC,,GR
300739397873790905652033933274894347396,"Alle diese Erfahrungen haben mich schlussendlich dazu gebracht, mit 30 noch zu studieren.",MC,CC,SC,MR,GR
300739513546908176477966819849061837956,"Zuerst wollte ich eigentlich im Studiengang 'Angewandte Sprachen' studieren, da ich ",,,SC,,GR
300739513546908176477966819849061837956,"Zuerst wollte ich eigentlich im Studiengang 'Angewandte Sprachen' studieren, da ich bilingual aufgewachsen bin und gross F",,,SC,,GR
300739513546908176477966819849061837956,"Zuerst wollte ich eigentlich im Studiengang 'Angewandte Sprachen' studieren, da ich bilingual aufgewachsen bin und gross",,,SC,,GR
300739513546908176477966819849061837956,"Zuerst wollte ich eigentlich im Studiengang 'Angewandte Sprachen' studieren, da ich bilingual aufgewachsen bin und grosse Freude an andereen",,,SC,,GR
300739513546908176477966819849061837956,"Zuerst wollte ich eigentlich im Studiengang 'Angewandte Sprachen' studieren, da ich bilingual aufgewachsen bin und grosse Freude an andere",,,SC,,GR
300739513546908176477966819849061837956,"Zuerst wollte ich eigentlich im Studiengang 'Angewandte Sprachen' studieren, da ich bilingual aufgewachsen bin und grosse Freude an anderen Sprachen, M",,,SC,,GR
300739513546908176477966819849061837956,"Zuerst wollte ich eigentlich im Studiengang 'Angewandte Sprachen' studieren, da ich bilingual aufgewachsen bin und grosse Freude an anderen Sprachen",,,SC,,GR
300739513546908176477966819849061837956,"Zuerst wollte ich eigentlich im Studiengang 'Angewandte Sprachen' studieren, da ich bilingual aufgewachsen bin und grosse Freude an anderen Sprachen ud",,,SC,,GR
300739513546908176477966819849061837956,"Zuerst wollte ich eigentlich im Studiengang 'Angewandte Sprachen' studieren, da ich bilingual aufgewachsen bin und grosse Freude an anderen Sprachen u",,,SC,,GR
300739513546908176477966819849061837956,"Zuerst wollte ich eigentlich im Studiengang 'Angewandte Sprachen' studieren, da ich bilingual aufgewachsen bin und grosse Freude an anderen Sprachen und Kulturen habe.",MC,CC,SC,,GR
300739752023677344413622976416352349316,Da ich jedoch da,,,,,GR
300739752023677344413622976416352349316,Da ich jedoch ,,,,,GR
300739752023677344413622976416352349316,Da ich jedoch fi,,,,,GR
300739752023677344413622976416352349316,Da ich jedoch fiann,,,,,GR
300739752023677344413622976416352349316,Da ich jedoch fianziell darauf angewis,,,,,GR
300739752023677344413622976416352349316,Da ich jedoch fianziell darauf angewi,,,,,GR
300739752023677344413622976416352349316,Da ich jedoch fianziell darauf angewiesen bn,,,,,GR
300739752023677344413622976416352349316,"Da ich jedoch fianziell darauf angewiesen bin, neben dem Studium zu arbeiten, war ein Teilzeitstudium im S",,,SC,,GR
300739752023677344413622976416352349316,"Da ich jedoch fianziell darauf angewiesen bin, neben dem Studium zu arbeiten, war ein Teilzeitstudium im Studiengang 'Angewandt ",,,SC,,GR
300739752023677344413622976416352349316,"Da ich jedoch fianziell darauf angewiesen bin, neben dem Studium zu arbeiten, war ein Teilzeitstudium im Studiengang 'Angewandt",,,SC,,GR
300739752023677344413622976416352349316,"Da ich jedoch fianziell darauf angewiesen bin, neben dem Studium zu arbeiten, war ein Teilzeitstudium im Studiengang 'Angewandte Sprachzen",,,SC,,GR
300739752023677344413622976416352349316,"Da ich jedoch fianziell darauf angewiesen bin, neben dem Studium zu arbeiten, war ein Teilzeitstudium im Studiengang 'Angewandte Sprach",,,SC,,GR
300739752023677344413622976416352349316,"Da ich jedoch fianziell darauf angewiesen bin, neben dem Studium zu arbeiten, war ein Teilzeitstudium im Studiengang 'Angewandte Sprachen' nicht möglich, da es von den Studirene",,,SC,,GR
300739752023677344413622976416352349316,"Da ich jedoch fianziell darauf angewiesen bin, neben dem Studium zu arbeiten, war ein Teilzeitstudium im Studiengang 'Angewandte Sprachen' nicht möglich, da es von den Studi",,,SC,,GR
300739752023677344413622976416352349316,"Da ich jedoch fianziell darauf angewiesen bin, neben dem Studium zu arbeiten, war ein Teilzeitstudium im Studiengang 'Angewandte Sprachen' nicht möglich, da es von den Studierenden e",,,SC,,GR
300739752023677344413622976416352349316,"Da ich jedoch fianziell darauf angewiesen bin, neben dem Studium zu arbeiten, war ein Teilzeitstudium im Studiengang 'Angewandte Sprachen' nicht möglich, da es von den Studierenden ",,,SC,,GR
300739752023677344413622976416352349316,"Da ich jedoch fianziell darauf angewiesen bin, neben dem Studium zu arbeiten, war ein Teilzeitstudium im Studiengang 'Angewandte Sprachen' nicht möglich, da es von den Studierenden extrm",,,SC,,GR
300739752023677344413622976416352349316,"Da ich jedoch fianziell darauf angewiesen bin, neben dem Studium zu arbeiten, war ein Teilzeitstudium im Studiengang 'Angewandte Sprachen' nicht möglich, da es von den Studierenden extr",,,SC,,GR
300739752023677344413622976416352349316,"Da ich jedoch fianziell darauf angewiesen bin, neben dem Studium zu arbeiten, war ein Teilzeitstudium im Studiengang 'Angewandte Sprachen' nicht möglich, da es von den Studierenden extreme Flexibilit",,,SC,,GR
300739752023677344413622976416352349316,"Da ich jedoch fianziell darauf angewiesen bin, neben dem Studium zu arbeiten, war ein Teilzeitstudium im Studiengang 'Angewandte Sprachen' nicht möglich, da es von den Studierenden extreme Flexibili",,,SC,,GR
300739752023677344413622976416352349316,"Da ich jedoch fianziell darauf angewiesen bin, neben dem Studium zu arbeiten, war ein Teilzeitstudium im Studiengang 'Angewandte Sprachen' nicht möglich, da es von den Studierenden extreme Flexibilität verlangt.",MC,CC,SC,,GR
300739752023677344413622976416352349316,"Da ich jedoch fianziell darauf angewiesen bin, neben dem Studium a, war ein Teilzeitstudium im Studiengang 'Angewandte Sprachen' nicht möglich, da es von den Studierenden extreme Flexibilität verlangt.",MC,,SC,,GR
300739752023677344413622976416352349316,"Da ich jedoch fianziell darauf angewiesen bin, neben dem Studium arbeiten zu können, war ein Teilzeitstudium im Studiengang 'Angewandte Sprachen' nicht möglich, da es von den Studierenden extreme Flexibilität verlangt.",MC,CC,SC,,GR
300739897803496370660004148537220967556,So hab eich ,,,,,GR
300739897803496370660004148537220967556,So hab,,,,,GR
300739897803496370660004148537220967556,So habe ich witer ,,,SC,,GR
300739897803496370660004148537220967556,So habe ich w,,,SC,,GR
300739897803496370660004148537220967556,"So habe ich weiter recherchiet,",,,SC,,GR
300739897803496370660004148537220967556,So habe ich weiter recherchie,,,SC,,GR
300739897803496370660004148537220967556,"So habe ich weiter recherchiert, was es noch für Möglichkeiten gäb ",,,SC,,GR
300739897803496370660004148537220967556,"So habe ich weiter recherchiert, was es noch für Möglichkeiten gäbe und bin auf den Studiengang 'Sprachlice",,,SC,,GR
300739897803496370660004148537220967556,"So habe ich weiter recherchiert, was es noch für Möglichkeiten gäbe und bin auf den Studiengang 'Sprachlic",,,SC,,GR
300739897803496370660004148537220967556,"So habe ich weiter recherchiert, was es noch für Möglichkeiten gäbe und bin auf den Studiengang 'Sprachliche Integration' gestossn",,,SC,,GR
300739897803496370660004148537220967556,"So habe ich weiter recherchiert, was es noch für Möglichkeiten gäbe und bin auf den Studiengang 'Sprachliche Integration' gestoss",,,SC,,GR
300739897803496370660004148537220967556,"So habe ich weiter recherchiert, was es noch für Möglichkeiten gäbe und bin auf den Studiengang 'Sprachliche Integration' gestossen.",MC,CC,SC,,GR
300739897803496370660004148537220967556,So hgäbe und bin auf den Studiengang 'Sprachliche Integration' gestossen.,MC,,SC,,
300739897803496370660004148537220967556,So habe ich andgäbe und bin auf den Studiengang 'Sprachliche Integration' gestossen.,MC,,SC,,GR
300739897803496370660004148537220967556,So habe ich nach andgäbe und bin auf den Studiengang 'Sprachliche Integration' gestossen.,MC,,SC,,GR
300739897803496370660004148537220967556,So habe ich nach anderen Möglichkeitn gäbe und bin auf den Studiengang 'Sprachliche Integration' gestossen.,MC,,SC,,GR
300739897803496370660004148537220967556,So habe ich nach anderen Möglichkeitgäbe und bin auf den Studiengang 'Sprachliche Integration' gestossen.,MC,,SC,,GR
300739897803496370660004148537220967556,So habe ich nach anderen Möglichkeite gäbe und bin auf den Studiengang 'Sprachliche Integration' gestossen.,MC,,SC,,GR
300739897803496370660004148537220967556,So habe ich nach anderen Möglichkeitegäbe und bin auf den Studiengang 'Sprachliche Integration' gestossen.,MC,,SC,,GR
300739897803496370660004148537220967556,So habe ich nach anderen Möglichkeiten recherigäbe und bin auf den Studiengang 'Sprachliche Integration' gestossen.,MC,,SC,,GR
300739897803496370660004148537220967556,So habe ich nach anderen Möglichkeiten rechergäbe und bin auf den Studiengang 'Sprachliche Integration' gestossen.,MC,,SC,,GR
300739897803496370660004148537220967556,So habe ich nach anderen Möglichkeiten rechercigäbe und bin auf den Studiengang 'Sprachliche Integration' gestossen.,MC,,SC,,GR
300739897803496370660004148537220967556,So habe ich nach anderen Möglichkeiten rechercgäbe und bin auf den Studiengang 'Sprachliche Integration' gestossen.,MC,,SC,,GR
300739897803496370660004148537220967556,So habe ich nach anderen Möglichkeiten recherchiert gäbe und bin auf den Studiengang 'Sprachliche Integration' gestossen.,MC,,SC,,GR
300739897803496370660004148537220967556,So habe ich nach anderen Möglichkeiten recherchiert und bin auf den Studiengang 'Sprachliche Integration' gestossen.,MC,,SC,,GR
300739897803496370660004148537220967556,So habe ich nach anderen Möglichkeiten recherchiert  und bin auf den Studiengang 'Sprachliche Integration' gestossen.,MC,CC,SC,,GR
300739984162193511208132125500126833796,Ichw,,,,,GR
300739984162193511208132125500126833796,Ich,,,,,GR
300739984162193511208132125500126833796,"Ich war sofort begeistert von den Themen, die im ",,,SC,,GR
300739984162193511208132125500126833796,"Ich war sofort begeistert von den Themen, die i",,,SC,,GR
300739984162193511208132125500126833796,"Ich war sofort begeistert von den Themen, die in diese ",,,SC,,GR
300739984162193511208132125500126833796,"Ich war sofort begeistert von den Themen, die in diesem Studium behandelt werden und auch der s",,,SC,,GR
300739984162193511208132125500126833796,"Ich war sofort begeistert von den Themen, die in diesem Studium behandelt werden und auch der sz",,,SC,,GR
300739984162193511208132125500126833796,"Ich war sofort begeistert von den Themen, die in diesem Studium behandelt werden und auch der s",,,SC,,GR
300739984162193511208132125500126833796,"Ich war sofort begeistert von den Themen, die in diesem Studium behandelt werden und auch der soziale Aspekt gefiel mir ",,,SC,,GR
300739984162193511208132125500126833796,"Ich war sofort begeistert von den Themen, die in diesem Studium behandelt werden und auch der soziale Aspekt gef",,,SC,,GR
300739984162193511208132125500126833796,"Ich war sofort begeistert von den Themen, die in diesem Studium behandelt werden und auch der soziale Aspekt gefällt mir sehr gut.",MC,CC,SC,MR,GR
300740330389263698543287409287189802116,"Ich habe schon immer gern Wissen weitergegeben und die beruflichen Perspektiven, die dieser Studiengang ermöglicht, sind genau das, was ich i ",,,SC,,GR
300740330389263698543287409287189802116,"Ich habe schon immer gern Wissen weitergegeben und die beruflichen Perspektiven, die dieser Studiengang ermöglicht, sind genau das, was ich i",,,SC,,GR
300740330389263698543287409287189802116,"Ich habe schon immer gern Wissen weitergegeben und die beruflichen Perspektiven, die dieser Studiengang ermöglicht, sind genau das, was ich im Leben machen möct",,,SC,,GR
300740330389263698543287409287189802116,"Ich habe schon immer gern Wissen weitergegeben und die beruflichen Perspektiven, die dieser Studiengang ermöglicht, sind genau das, was ich im Leben machen möc",,,SC,,GR
300740330389263698543287409287189802116,"Ich habe schon immer gern Wissen weitergegeben und die beruflichen Perspektiven, die dieser Studiengang ermöglicht, sind genau das, was ich im Leben machen möchte.",MC,CC,SC,MR,GR
300740330389263698543287409287189802116,"Ich habe schon immer gern Wissen weitergegeben und die beruflichen Perspektiven, di ",,,SC,,GR
300740330389263698543287409287189802116,Ich habe schon immer gern Wissen weitergegeben und die beruflichen Perspektiven ,,,SC,,GR
300740330389263698543287409287189802116,Ich habe schon immer gern Wissen weitergegeben und die beruflichen Perspektiven f ,,,SC,,GR
300740330389263698543287409287189802116,Ich habe schon immer gern Wissen weitergegeben und die beruflichen Perspektiven  ,,,SC,,GR
300740330389263698543287409287189802116,Ich habe schon immer gern Wissen weitergegeben und die beruflichen Perspektiven gefallen mir sehr gut.,MC,CC,SC,MR,GR
300740361288247079106379070769330433156,Imr,,,,,GR
300740361288247079106379070769330433156,Im,,,,,GR
300740361288247079106379070769330433156,Immerhin verbringt man doch die meiste Zeit seines Lebens mit ,,,SC,,GR
300740361288247079106379070769330433156,Immerhin verbringt man doch die meiste Zeit seines Lebens mit arb,,,SC,,GR
300740361288247079106379070769330433156,Immerhin verbringt man doch die meiste Zeit seines Lebens mit ,,,SC,,GR
300740361288247079106379070769330433156,Immerhin verbringt man doch die meiste Zeit seines Lebens mit Arbeiten und da find ic,,,SC,,
300740361288247079106379070769330433156,Immerhin verbringt man doch die meiste Zeit seines Lebens mit Arbeiten und da find,,,SC,,GR
300740361288247079106379070769330433156,"Immerhin verbringt man doch die meiste Zeit seines Lebens mit Arbeiten und da finde ich, o",,,SC,,GR
300740361288247079106379070769330433156,"Immerhin verbringt man doch die meiste Zeit seines Lebens mit Arbeiten und da finde ich, ",,,SC,,GR
300740361288247079106379070769330433156,"Immerhin verbringt man doch die meiste Zeit seines Lebens mit Arbeiten und da finde ich, lohnt ",,,SC,,GR
300740361288247079106379070769330433156,"Immerhin verbringt man doch die meiste Zeit seines Lebens mit Arbeiten und da finde ich, lohnt e s",,,SC,,GR
300740361288247079106379070769330433156,"Immerhin verbringt man doch die meiste Zeit seines Lebens mit Arbeiten und da finde ich, lohnt e",,,SC,,GR
300740361288247079106379070769330433156,"Immerhin verbringt man doch die meiste Zeit seines Lebens mit Arbeiten und da finde ich, lohnt es sich, i",,,SC,,GR
300740361288247079106379070769330433156,"Immerhin verbringt man doch die meiste Zeit seines Lebens mit Arbeiten und da finde ich, lohnt es sich, ",,,SC,,GR
300740361288247079106379070769330433156,"Immerhin verbringt man doch die meiste Zeit seines Lebens mit Arbeiten und da finde ich, lohnt es sich, sich damit zu befassen, was man",,,SC,,GR
300740361288247079106379070769330433156,"Immerhin verbringt man doch die meiste Zeit seines Lebens mit Arbeiten und da finde ich, lohnt es sich, sich damit zu befassen, was ",,,SC,,GR
300740361288247079106379070769330433156,"Immerhin verbringt man doch die meiste Zeit seines Lebens mit Arbeiten und da finde ich, lohnt es sich, sich damit zu befassen, was einen wirklich glücklich machen würde.",MC,CC,SC,MR,GR
300740587088510244759741212369588890756,"Ich kenne viele Menschen, die eine Arbeit haben die sie ic",,,SC,,GR
300740587088510244759741212369588890756,"Ich kenne viele Menschen, die eine Arbeit haben die sie ",,,SC,,GR
300740587088510244759741212369588890756,"Ich kenne viele Menschen, die eine Arbeit haben die sie nicht erfüllt.",MC,CC,SC,MR,GR
300740608480114123611112362626455481476,"Nicht, weil sie n",,,,,GR
300740608480114123611112362626455481476,"Nicht, weil sie ",,,,,GR
300740608480114123611112362626455481476,"Nicht, weil sie das nicht ändrn ",,,,,GR
300740608480114123611112362626455481476,"Nicht, weil sie das nicht änd",,,,,GR
300740608480114123611112362626455481476,"Nicht, weil sie das nicht ändern könnten.",MC,CC,SC,MR,GR
300740651263321881313854663140188662916,Sie sid,,,,,GR
300740651263321881313854663140188662916,Sie si,,,,,GR
300740651263321881313854663140188662916,Sie sind schon zu lange in ihren fest gefahreenen,,,SC,,GR
300740651263321881313854663140188662916,Sie sind schon zu lange in ihren fest gefahre,,,SC,,GR
300740651263321881313854663140188662916,Sie sind schon zu lange in ihren fest gefahrenen Mst,,,SC,,GR
300740651263321881313854663140188662916,Sie sind schon zu lange in ihren fest gefahrenen M,,,SC,,GR
300740651263321881313854663140188662916,"Sie sind schon zu lange in ihren fest gefahrenen Mustern gefangen und trauen sich nicht, mal etwas Neues auszuprobieer",,,SC,,GR
300740651263321881313854663140188662916,"Sie sind schon zu lange in ihren fest gefahrenen Mustern gefangen und trauen sich nicht, mal etwas Neues auszuprobie",,,SC,,GR
300740651263321881313854663140188662916,"Sie sind schon zu lange in ihren fest gefahrenen Mustern gefangen und trauen sich nicht, mal etwas Neues auszuprobieren.",MC,CC,SC,MR,GR
300740651263321881313854663140188662916,"Sie sind schon zu lange in ihren fest gefahrenen Mustern gefangen und trauen sich nicht, einmal etwas Neues auszuprobieren.",MC,CC,SC,MR,GR
300740745544835273288416399457489562756,Sie l,,,,,GR
300740745544835273288416399457489562756,Sie ,,,,,GR
300740745544835273288416399457489562756,Sie geniessen die Routine und hassen sie gel,,,SC,,GR
300740745544835273288416399457489562756,Sie geniessen die Routine und hassen sie g,,,SC,,GR
300740745544835273288416399457489562756,Sie geniessen die Routine und hassen sie gleichzeitig.,MC,CC,SC,,GR
300740794666296032132305707454738771076,Die Intetgra,,,,,GR
300740794666296032132305707454738771076,Die Inte,,,,,GR
300740794666296032132305707454738771076,Die Integration i,,,,,GR
300740794666296032132305707454738771076,Die Integration ,,,,,GR
300740794666296032132305707454738771076,Die Integration ujnd ,,,,,GR
300740794666296032132305707454738771076,Die Integration u,,,,,GR
300740794666296032132305707454738771076,Die Integration und Migration in der sCh,,,,,GR
300740794666296032132305707454738771076,Die Integration und Migration in der ,,,,,GR
300740794666296032132305707454738771076,Die Integration und Migration in der Schweiz sind mir ein Herzensal,,,SC,,GR
300740794666296032132305707454738771076,Die Integration und Migration in der Schweiz sind mir ein Herzensa,,,SC,,GR
300740794666296032132305707454738771076,Die Integration und Migration in der Schweiz sind mir ein Herzensanliegen.,MC,CC,SC,MR,GR
300740968175971938371205037315990006916,Meiner MEinun,,,,,GR
300740968175971938371205037315990006916,"Meiner Meinung nach, bringen die Migrant:innen sehr viel Ressourcen mit ",,,SC,,GR
300740968175971938371205037315990006916,"Meiner Meinung nach, bringen die Migrant:innen sehr viel Ressourcen mit",,,SC,,GR
300740968175971938371205037315990006916,"Meiner Meinung nach, bringen die Migrant:innen sehr viel Ressourcen mit, die man einsetzen und förder ",,,SC,,GR
300740968175971938371205037315990006916,"Meiner Meinung nach, bringen die Migrant:innen sehr viel Ressourcen mit, die man einsetzen und förder",,,SC,,GR
300740968175971938371205037315990006916,"Meiner Meinung nach, bringen die Migrant:innen sehr viel Ressourcen mit, die man einsetzen und fördern sollt.",MC,,SC,MR,GR
300740968175971938371205037315990006916,"Meiner Meinung nach, bringen die Migrant:innen sehr viel Ressourcen mit, die man einsetzen und fördern sollt",,,SC,,GR
300740968175971938371205037315990006916,"Meiner Meinung nach, bringen die Migrant:innen sehr viel Ressourcen mit, die man einsetzen und fördern sollte ",,,SC,,GR
300740968175971938371205037315990006916,"Meiner Meinung nach, bringen die Migrant:innen sehr viel Ressourcen mit, die man einsetzen und fördern sollte",,,SC,,GR
300740968175971938371205037315990006916,"Meiner Meinung nach, bringen die Migrant:innen sehr viel Ressourcen mit, die man einsetzen und fördern sollte.",MC,CC,SC,MR,GR
300740968175971938371205037315990006916,"Meiner Meinung nachbringen die Migrant:innen sehr viel Ressourcen mit, die man einsetzen und fördern sollte.",MC,,SC,MR,GR
300740968175971938371205037315990006916,"Meiner Meinung nach bringen die Migrant:innen sehr viel Ressourcen mit, die man einsetzen und fördern sollte.",MC,,SC,MR,GR
300740968175971938371205037315990006916,"Meiner Meinung nach bringen die Migrant:innen sehr vielRessourcen mit, die man einsetzen und fördern sollte.",MC,,SC,,GR
300740968175971938371205037315990006916,"Meiner Meinung nach bringen die Migrant:innen sehr viele Ressourcen mit, die man einsetzen und fördern sollte.",MC,CC,SC,MR,GR
300741151193027346321824878402515283076,Migration ist schliesslich eine tAt,,,SC,,GR
300741151193027346321824878402515283076,Migration ist schliesslich eine ,,,SC,,GR
300741151193027346321824878402515283076,Migration ist schliesslich eine Tatsache und wird in der Zukunft noch vermehrt eine,,,SC,,GR
300741151193027346321824878402515283076,Migration ist schliesslich eine Tatsache und wird in der Zukunft noch vermehrt ein,,,SC,,GR
300741151193027346321824878402515283076,Migration ist schliesslich eine Tatsache und wird in der Zukunft noch vermehrt ein t,,,SC,,GR
300741151193027346321824878402515283076,Migration ist schliesslich eine Tatsache und wird in der Zukunft noch vermehrt ein ,,,SC,,GR
300741151193027346321824878402515283076,Migration ist schliesslich eine Tatsache und wird in der Zukunft noch vermehrt ein Thema sie,,,SC,,GR
300741151193027346321824878402515283076,Migration ist schliesslich eine Tatsache und wird in der Zukunft noch vermehrt ein Thema s,,,SC,,GR
300741151193027346321824878402515283076,Migration ist schliesslich eine Tatsache und wird in der Zukunft noch vermehrt ein Thema sein.,MC,CC,SC,,GR
300741277958087369144765028072835820676,Es ber,,,,,GR
300741277958087369144765028072835820676,Es be,,,,,GR
300741277958087369144765028072835820676,"Es betrifft uns alle,",,,SC,,GR
300741277958087369144765028072835820676,Es betrifft uns alle,,,SC,,GR
300741277958087369144765028072835820676,Es betrifft uns alle.,MC,CC,SC,MR,GR
300741339756054130270948351037117082756,Und auch wir f,,,,,GR
300741339756054130270948351037117082756,Und auch wir ,,,,,GR
300741339756054130270948351037117082756,Und auch wir wärn,,,SC,,GR
300741339756054130270948351037117082756,Und auch wir wär,,,SC,,
300741339756054130270948351037117082756,"Und auch wir wären froh, wenn wir in eine ",,,SC,,GR
300741339756054130270948351037117082756,"Und auch wir wären froh, wenn wir in ein",,,SC,,GR
300741339756054130270948351037117082756,"Und auch wir wären froh, wenn wir in ein anderes Land ei",,,SC,,GR
300741339756054130270948351037117082756,"Und auch wir wären froh, wenn wir in ein anderes Land ",,,SC,,GR
300741339756054130270948351037117082756,"Und auch wir wären froh, wenn wir in ein anderes Land ziehen müst",,,SC,,GR
300741339756054130270948351037117082756,"Und auch wir wären froh, wenn wir in ein anderes Land ziehen müssten, dass wir die nötige Unterstützung erhieltn",,,SC,,GR
300741339756054130270948351037117082756,"Und auch wir wären froh, wenn wir in ein anderes Land ziehen müssten, dass wir die nötige Unterstützung erhielt",,,SC,,GR
300741339756054130270948351037117082756,"Und auch wir wären froh, wenn wir in ein anderes Land ziehen müssten, dass wir die nötige Unterstützung erhielten zum ",,,SC,,GR
300741339756054130270948351037117082756,"Und auch wir wären froh, wenn wir in ein anderes Land ziehen müssten, dass wir die nötige Unterstützung erhielten ",,,SC,,GR
300741339756054130270948351037117082756,"Und auch wir wären froh, wenn wir in ein anderes Land ziehen müssten, dass wir die nötige Unterstützung erhielten um ein Leben in Wüd",,,SC,,GR
300741339756054130270948351037117082756,"Und auch wir wären froh, wenn wir in ein anderes Land ziehen müssten, dass wir die nötige Unterstützung erhielten um ein Leben in Wü",,,SC,,GR
300741339756054130270948351037117082756,"Und auch wir wären froh, wenn wir in ein anderes Land ziehen müssten, dass wir die nötige Unterstützung erhielten um ein Leben in Würde zu führen.",MC,CC,SC,,GR
300741655084140937043011973342039420036,Hierbei ist Sprach,,,SC,,GR
300741655084140937043011973342039420036,Hierbei ist Sprache der sch,,,SC,,GR
300741655084140937043011973342039420036,Hierbei ist Sprache der ,,,SC,,GR
300741655084140937043011973342039420036,Hierbei ist Sprache der SChl,,,SC,,GR
300741655084140937043011973342039420036,Hierbei ist Sprache der S,,,SC,,GR
300741655084140937043011973342039420036,Hierbei ist Sprache der Schlüssel.,MC,CC,SC,MR,GR
300741758873033830729294220884614360196,Mit Sprache am gesellschf,,,,,GR
300741758873033830729294220884614360196,Mit Sprache am gesellsch,,,,,GR
300741758873033830729294220884614360196,Mit Sprache am gesellschaftlichen Leben til,,,,,GR
300741758873033830729294220884614360196,Mit Sprache am gesellschaftlichen Leben t,,,,,GR
300741758873033830729294220884614360196,Mit Sprache am gesellschaftlichen Leben teilhaben.,MC,CC,,MR,GR
300741847608575846705352325653838736516,Das möchte ich allen Migratn,,,SC,,GR
300741847608575846705352325653838736516,Das,,,,,GR
300741847608575846705352325653838736516,Das wünsche ich allen Migratnt,,,SC,,GR
300741847608575846705352325653838736516,Das wünsche ich allen Migra,,,SC,,GR
300741847608575846705352325653838736516,Das wünsche ich allen Migrant.,MC,,SC,MR,GR
300741847608575846705352325653838736516,Das wünsche ich allen Migrant,,,SC,,GR
300741847608575846705352325653838736516,Das wünsche ich allen Migrant:I,,,SC,,GR
300741847608575846705352325653838736516,Das wünsche ich allen Migrant:,,,SC,,GR
300741847608575846705352325653838736516,"Das wünsche ich allen Migrant:innen und versuche, dabei zu helfen, das dies gelingt.",MC,CC,SC,MR,GR
185863086948468805777715172582698036356,"Teilweise abstruse Vergleiche mit Genoziden, wie dem Holovau",,,,,GR
185863086948468805777715172582698036356,"Teilweise abstruse Vergleiche mit Genoziden, wie dem Holo",,,,,GR
185863086948468805777715172582698036356,"Teilweise abstruse Vergleiche mit Genoziden, wie dem Holocuast",,,,,GR
185863086948468805777715172582698036356,"Teilweise abstruse Vergleiche mit Genoziden, wie dem Holoc",,,,,GR
185863086948468805777715172582698036356,"Teilweise abstruse Vergleiche mit Genoziden, wie dem Holocaust, Verungljmof",,,,,GR
185863086948468805777715172582698036356,"Teilweise abstruse Vergleiche mit Genoziden, wie dem Holocaust, Verungl",,,,,GR
185863086948468805777715172582698036356,"Teilweise abstruse Vergleiche mit Genoziden, wie dem Holocaust, Verunglimpfung von Krieg, Rechtfertigung und Beschönigung von Gea",,,,,GR
185863086948468805777715172582698036356,"Teilweise abstruse Vergleiche mit Genoziden, wie dem Holocaust, Verunglimpfung von Krieg, Rechtfertigung und Beschönigung von Ge",,,,,GR
185863086948468805777715172582698036356,"Teilweise abstruse Vergleiche mit Genoziden, wie dem Holocaust, Verunglimpfung von Krieg, Rechtfertigung und Beschönigung von Gewalt ",,,,,GR
185863086948468805777715172582698036356,"Teilweise abstruse Vergleiche mit Genoziden, wie dem Holocaust, Verunglimpfung von Krieg, Rechtfertigung und Beschönigung von Gewalt, Hass und Xeni",,,,,GR
185863086948468805777715172582698036356,"Teilweise abstruse Vergleiche mit Genoziden, wie dem Holocaust, Verunglimpfung von Krieg, Rechtfertigung und Beschönigung von Gewalt, Hass und Xen",,,,,GR
185863086948468805777715172582698036356,"Teilweise abstruse Vergleichdiese mit Genoziden, wie dem Holocaust, Verunglimpfung von Krieg, Rechtfertigung und Beschönigung von Gewalt, Hass und Xenophobie.",MC,,,,GR
185863563902007141649027485717279059076,Die Rechtspopulisten haben in den letzten Jahren wieder starken W,,,SC,,GR
185863563902007141649027485717279059076,Die Rechtspopulisten haben in den letzten Jahren wieder starken Auftrien ,,,SC,,GR
185863563902007141649027485717279059076,Die Rechtspopulisten haben in den letzten Jahren wieder starken Auftrie,,,SC,,GR
185863563902007141649027485717279059076,"Die Rechtspopulisten haben in den letzten Jahren wieder starken Auftrieb erhalten, Rückwe",,,SC,,GR
185863563902007141649027485717279059076,"Die Rechtspopulisten haben in den letzten Jahren wieder starken Rückenwind erhalten, a",,,SC,,GR
185863563902007141649027485717279059076,"Die Rechtspopulisten haben in den letzten Jahren wieder starken Rückenwind erhalten, ",,,SC,,GR
185863563902007141649027485717279059076,"Die Rechtspopulisten haben in den letzten Jahren wieder starken Rückenwind erhalten, ",,,SC,,GR
185863563902007141649027485717279059076,"Die Rechtspopulisten haben in den letzten Jahren wieder starken Rückenwind erhalten, ",,,SC,,GR
185863563902007141649027485717279059076,"Die Rechtspopulisten haben in den letzten Jahren wieder starken Rückenwind erhalten, natürlich vor allem im zusa",,,SC,,GR
185863563902007141649027485717279059076,"Die Rechtspopulisten haben in den letzten Jahren wieder starken Rückenwind erhalten, natürlich vor allem im ",,,SC,,GR
185863563902007141649027485717279059076,"Die Rechtspopulisten haben in den letzten Jahren wieder starken Rückenwind erhalten, natürlich vor allem im Zusammenhang mit der Flüchl",,,SC,,GR
185863563902007141649027485717279059076,"Die Rechtspopulisten haben in den letzten Jahren wieder starken Rückenwind erhalten, natürlich vor allem im Zusammenhang mit der Flüch",,,SC,,GR
185863563902007141649027485717279059076,"Die Rechtspopulisten haben in den letzten Jahren wieder starken Rückenwind erhalten, natürlich vor allem im Zusammenhang mit der Flüchtlingskrise.",MC,CC,SC,MR,GR
185863801586494684442040266349130067076,Und diese Entwicklung ist wahnsinnig gefähtl,,,SC,,GR
185863801586494684442040266349130067076,Und diese Entwicklung ist wahnsinnig gefäh,,,SC,,GR
185863801586494684442040266349130067076,Und diese Entwicklung ist wahnsinnig gefährlich_,,,SC,,GR
185863801586494684442040266349130067076,Und diese Entwicklung ist wahnsinnig gefährlich,,,SC,,GR
185863801586494684442040266349130067076,Und diese Entwicklung ist wahnsinnig gefährlich!,MC,CC,SC,MR,GR
185864029763602725523332535755707034756,"Ab diesem Zeitpunkt wusste ich, dass ich dieser Entwock",,,SC,,GR
185864029763602725523332535755707034756,"Ab diesem Zeitpunkt wusste ich, dass ich dieser Entw",,,SC,,GR
185864029763602725523332535755707034756,"Ab diesem Zeitpunkt wusste ich, dass ich dieser Entwicklung gegenp",,,SC,,GR
185864029763602725523332535755707034756,"Ab diesem Zeitpunkt wusste ich, dass ich dieser Entwicklung gegen",,,SC,,GR
185864029763602725523332535755707034756,"Ab diesem Zeitpunkt wusste ich, dass ich dieser Entwicklung gegenüber treten musste, schliesslich bi",,,SC,,GR
185864029763602725523332535755707034756,"Ab diesem Zeitpunkt wusste ich, dass ich dieser Entwicklung gegenüber treten musste, schliesslich ",,,SC,,GR
185864029763602725523332535755707034756,"Ab diesem Zeitpunkt wusste ich, dass ich dieser Entwicklung gegenüber treten musste, schliesslich war ich überiwege",,,SC,,GR
185864029763602725523332535755707034756,"Ab diesem Zeitpunkt wusste ich, dass ich dieser Entwicklung gegenüber treten musste, schliesslich",,,SC,,GR
185864029763602725523332535755707034756,"Ab diesem Zeitpunkt wusste ich, dass ich dieser Entwicklung gegenüber treten musste, schliesslich bin ich überwiegend mit Migrant""inn",,,SC,,GR
185864029763602725523332535755707034756,"Ab diesem Zeitpunkt wusste ich, dass ich dieser Entwicklung gegenüber treten musste, schliesslich bin ich überwiegend mit Migrant",,,SC,,GR
185864029763602725523332535755707034756,"Ab diesem Zeitpunkt wusste ich, dass ich dieser Entwicklung gegenüber treten musste, schliesslich bin ich überwiegend mit Migrant*innen uaf",,,SC,,GR
185864029763602725523332535755707034756,"Ab diesem Zeitpunkt wusste ich, dass ich dieser Entwicklung gegenüber treten musste, schliesslich bin ich überwiegend mit Migrant*innen ",,,SC,,GR
185864029763602725523332535755707034756,"Ab diesem Zeitpunkt wusste ich, dass ich dieser Entwicklung gegenüber treten musste, schliesslich bin ich überwiegend mit Migrant*innen aufgewachsen.",MC,CC,SC,,GR
185864369652419911717340812059253976196,Und so halt ich vielen meiner Freunden auf dem Weg zum roten Pass,,,,,
185864369652419911717340812059253976196,Und so hal ich vielen meiner Freunden auf dem Weg zum roten Pass,,,,,
185864369652419911717340812059253976196,Und so half ich vielen meiner Freunden auf dem Weg zum roten Pass,,,SC,,
185864369652419911717340812059253976196,Und so half ich vielen meiner Freunden auf dem Weg zum roten Pass.,MC,CC,SC,MR,
185864427488978547130307255346337721476,Stets durften sife mic,,,,,GR
185864427488978547130307255346337721476,Stets durften si,,,,,GR
185864427488978547130307255346337721476,Stets durften sie mich als Kontakt angeben und tatsähl,,,SC,,GR
185864427488978547130307255346337721476,Stets durften sie mich als Kontakt angeben und tatsä,,,SC,,GR
185864427488978547130307255346337721476,Stets durften sie mich als Kontakt angeben und tatsächlich erhielt ich bvie,,,SC,,GR
185864427488978547130307255346337721476,Stets durften sie mich als Kontakt angeben und tatsächlich erhielt ich ,,,SC,,GR
185864427488978547130307255346337721476,Stets durften sie mich als Kontakt angeben und tatsächlich erhielt ich viele Anrufe von missta,,,SC,,GR
185864427488978547130307255346337721476,Stets durften sie mich als Kontakt angeben und tatsächlich erhielt ich viele Anrufe von misst,,,SC,,GR
185864427488978547130307255346337721476,Stets durften sie mich als Kontakt angeben und tatsächlich erhielt ich viele Anrufe von misstrauischen Berner*ion,,,SC,,GR
185864427488978547130307255346337721476,Stets durften sie mich als Kontakt angeben und tatsächlich erhielt ich viele Anrufe von misstrauischen Berner*i,,,SC,,GR
185864427488978547130307255346337721476,Stets durften sie mich als Kontakt angeben und tatsächlich erhielt ich viele Anrufe von misstrauischen Berner*innen.,MC,CC,SC,MR,GR
185864559007728320809107660629295279236,Natürlcih ,,,,,GR
185864559007728320809107660629295279236,Natürlich warren,,,,,GR
185864559007728320809107660629295279236,Natürlich war,,,,,GR
185864559007728320809107660629295279236,Natürlich waren die meixsten,,,SC,,GR
185864559007728320809107660629295279236,Natürlich waren die mei,,,,,GR
185864559007728320809107660629295279236,"Natürlich waren die meisten meiner Freunde in der Schweiz geboren, daher erübrigte sich die Frage meines Eer",,,SC,,GR
185864559007728320809107660629295279236,"Natürlich waren die meisten meiner Freunde in der Schweiz geboren, daher erübrigte sich die Frage meines E",,,SC,,GR
185864559007728320809107660629295279236,"Natürlich waren die meisten meiner Freunde in der Schweiz geboren, daher erübrigte sich die Frage meines Erw",,,SC,,GR
185864559007728320809107660629295279236,"Natürlich waren die meisten meiner Freunde in der Schweiz geboren, daher erübrigte sich die Frage meines Er",,,SC,,GR
185864559007728320809107660629295279236,"Natürlich waren die meisten meiner Freunde in der Schweiz geboren, daher erübrigte sich die Frage meines Erachstens auch, ob sie integriert waren.",MC,CC,SC,,GR
185864810161003491027057832163617844356,Ich musste etwas gegen diesen Sollzustand zu,,,SC,,GR
185864810161003491027057832163617844356,Ich musste etwas gegen diesen Sollzustand ,,,SC,,GR
185864810161003491027057832163617844356,"Ich musste etwas gegen diesen Sollzustand unternehmen, also begann ich mizt ",,,SC,,GR
185864810161003491027057832163617844356,"Ich musste etwas gegen diesen Sollzustand unternehmen, also begann ich mi",,,SC,,GR
185864810161003491027057832163617844356,"Ich musste etwas gegen diesen Sollzustand unternehmen, also begann ich mit DaZ-Nachhilfe.",MC,CC,SC,MR,GR
185864956733104142416082380219925965956,Mein erster Kunde war e,,,SC,,GR
185864956733104142416082380219925965956,Mein erster Kunde war ,,,,,GR
185864956733104142416082380219925965956,"Mein erster Kunde war ein Tunesier, der kaum k",,,,,GR
185864956733104142416082380219925965956,"Mein erster Kunde war ein Tunesier, der kaum ",,,,,GR
185864956733104142416082380219925965956,"Mein erster Kunde war ein Tunesier, der kaum motivierter und aufgeschlossener hätte sein können.",MC,CC,SC,MR,GR
185865021700197404112839206925965241476,"Jahre später, als ich mich schon in Verzweiflung wiegte w",,,,,GR
185865021700197404112839206925965241476,"Jahre später, als ich mich schon in Verzweiflung wiegte",,,,,GR
185865021700197404112839206925965241476,"Jahre später, als ich mich schon in Verzweiflung wiegte, weil ich absolut nciht",,,,,GR
185865021700197404112839206925965241476,"Jahre später, als ich mich schon in Verzweiflung wiegte, weil ich absolut n",,,,,GR
185865021700197404112839206925965241476,"Jahre später, als ich mich schon in Verzweiflung wiegte, weil ich absolut nicht wusste, was ich studieren sollte, entdeckte ich b",,,SC,,GR
185865021700197404112839206925965241476,"Jahre später, als ich mich schon in Verzweiflung wiegte, weil ich absolut nicht wusste, was ich studieren sollte, entdeckte ich ",,,SC,,GR
185865021700197404112839206925965241476,"Jahre später, als ich mich schon in Verzweiflung wiegte, weil ich absolut nicht wusste, was ich studieren sollte, entdeckte ich per Zufalld en ",,,SC,,GR
185865021700197404112839206925965241476,"Jahre später, als ich mich schon in Verzweiflung wiegte, weil ich absolut nicht wusste, was ich studieren sollte, entdeckte ich per Zufall",,,SC,,GR
185865021700197404112839206925965241476,"Jahre später, als ich mich schon in Verzweiflung wiegte, weil ich absolut nicht wusste, was ich studieren sollte, entdeckte ich per Zufall den Studiengangee",,,SC,,GR
185865021700197404112839206925965241476,"Jahre später, als ich mich schon in Verzweiflung wiegte, weil ich absolut nicht wusste, was ich studieren sollte, entdeckte ich per Zufall den Studiengang",,,SC,,GR
185865021700197404112839206925965241476,"Jahre später, als ich mich schon in Verzweiflung wiegte, weil ich absolut nicht wusste, was ich studieren sollte, entdeckte ich per Zufall den Studiengang ""Sprachliche Integration"".",MC,CC,SC,MR,GR
286319341150592091656070092565924588676,In dies,,,,,GR
286319341150592091656070092565924588676,In die,,,,,GR
286319341150592091656070092565924588676,In diesem Konstrukt stellt die Sprachvermittlung einen essenziellen Aspekt dar.,MC,CC,SC,MR,GR
286319395025742601355819656175810817156,"Genauso wichtig ist es, wen ",,,SC,,GR
286319395025742601355819656175810817156,"Genauso wichtig ist es, wen",,,SC,,GR
286319395025742601355819656175810817156,"Genauso wichtig ist es, wenn mn",,,SC,,GR
286319395025742601355819656175810817156,"Genauso wichtig ist es, wenn m",,,SC,,GR
286319395025742601355819656175810817156,"Genauso wichtig ist es, wenn man versucht zu verstehen, wie jemand anderes etwas versteht.",MC,,SC,MR,GR
286319395025742601355819656175810817156,"Genauso wichtig ist es, wenn man versuchzu verstehen, wie jemand anderes etwas versteht.",MC,,SC,,GR
286319395025742601355819656175810817156,"Genauso wichtig ist es, wenn man versuchen zu verstehen, wie jemand anderes etwas versteht.",MC,,SC,MR,GR
286319395025742601355819656175810817156,"Genauso wichtig ist es, versuchen zu verstehen, wie jemand anderes etwas versteht.",MC,CC,SC,MR,GR
286319530505900500747836941135965891716,Wenn man diese wichtigen Aspekte in Angriff genommen hat,,,SC,,GR
286319530505900500747836941135965891716,Wenn man diese wichtigen  in Angriff genommen hat,,,SC,,GR
286319530505900500747836941135965891716,Wenn man diese wichtigen Punkte in Angriff genommen hat,,,SC,,GR
286319530505900500747836941135965891716,"Wenn man diese wichtigen Punkte in Angriff genommen hat, befindet man sich mitten in der Integration u",,,SC,,GR
286319530505900500747836941135965891716,"Wenn man diese wichtigen Punkte in Angriff genommen hat, befindet man sich mitten in der Integration ",,,SC,,GR
286319530505900500747836941135965891716,"Wenn man diese wichtigen Punkte in Angriff genommen hat, befindet man sich mitten in der Integration und damit im Prozess der Aufnahme in die Gesellschaft.",MC,CC,SC,MR,GR
286319583588769385304943128810412616836,"Mit diesem Studium habe ich die Chance, etwas zu ",,,SC,,GR
286319583588769385304943128810412616836,"Mit diesem Studium habe ich die Chance, etwas ",,,SC,,GR
286319583588769385304943128810412616836,"Mit diesem Studium habe ich die Chance, etwas das mich bereits mein Leben lang begleitet, in meinen Beruf umzuwndeln.",MC,,SC,,GR
286319583588769385304943128810412616836,"Mit diesem Studium habe ich die Chance, etwas, das mich bereits mein Leben lang begleitet, in meinen Beruf umzuwndeln.",MC,CC,SC,,GR
286319643802172896145839699903814872196,Vor allem möchte ich mir die Fähigkeiten und Fertigkeiten,,,SC,,GR
286319643802172896145839699903814872196,Vor allem möchte ich mir Fähigkeiten und Fertigkeiten,,,SC,,GR
286319643802172896145839699903814872196,Vor allem möchte ich mir Fähigkeiten und Fertigkeiten wie zum Beispiel ,,,SC,,GR
286319643802172896145839699903814872196,Vor allem möchte ich mir Fähigkeiten und Fertigkeiten wie zum Beispiel,,,SC,,GR
286319643802172896145839699903814872196,Vor allem möchte ich mir Fähigkeiten und Fertigkeiten wie zum Beispiel das wissenschaftliche Arbeiten ,,,SC,,GR
286319643802172896145839699903814872196,"Vor allem möchte ich mir Fähigkeiten und Fertigkeiten, wie zum Beispiel das wissenschaftliche Arbeiten ",,,SC,,GR
286319643802172896145839699903814872196,"Vor allem möchte ich mir Fähigkeiten und Fertigkeiten, wie zum Beispiel das wissenschaftliche Arbeiten",,,SC,,GR
286319643802172896145839699903814872196,"Vor allem möchte ich mir Fähigkeiten und Fertigkeiten, wie zum Beispiel das wissenschaftliche Arbeiten, aneignen ",,,SC,,GR
286319643802172896145839699903814872196,"Vor allem möchte ich mir Fähigkeiten und Fertigkeiten, wie zum Beispiel das wissenschaftliche Arbeiten, aneignen",,,SC,,GR
286319643802172896145839699903814872196,"Vor allem möchte ich mir Fähigkeiten und Fertigkeiten, wie zum Beispiel das wissenschaftliche Arbeiten, aneignen.",MC,CC,SC,MR,GR
286319746798784164689478571510950308996,"Diese können in einer Ausbildung nicht erlernt werden, stellen jedoch auf dem",,,SC,,GR
286319746798784164689478571510950308996,"Diese können in einer Ausbildung nicht erlernt werden, stellen jedoch ",,,SC,,GR
286319746798784164689478571510950308996,"Diese können in einer Ausbildung nicht erlernt werden, stellen jedoch im Berufsleben einen bedeutenden Bereich dar.",MC,,SC,MR,GR
286319746798784164689478571510950308996,"Diese können in einer Ausbildung nicht erlernt werden, stellen jedocheinen bedeutenden Bereich dar.",MC,,SC,,GR
286319746798784164689478571510950308996,"Diese können in einer Ausbildung nicht erlernt werden, stellen jedoch auf dem Arbeitsmarkt einen bedeutenden Bereich dar.",MC,CC,SC,MR,GR
286319809389032550958305270410671074436,"Dadurch fallen bestimmte berufliche Ziele, wie der Bereich der Forschung und des Managements ",,,SC,,GR
286319809389032550958305270410671074436,"Dadurch fallen bestimmte berufliche Ziele, wie der Bereich der Forschung und des Managements",,,SC,,GR
286319809389032550958305270410671074436,"Dadurch fallen bestimmte berufliche Ziele, wie der Bereich der Forschung und des Managements, weg.",MC,CC,SC,MR,GR
18526755376787363092496731253750672516,"Dies liegt nahe, da mein Vater bis heute im Lehrbeu",,,SC,,GR
18526755376787363092496731253750672516,"Dies liegt nahe, da mein Vater bis heute im Lehrbe",,,SC,,GR
18526755376787363092496731253750672516,"Dies liegt nahe, da mein Vater bis heute im Lehrberuf arbeitet.",MC,CC,SC,MR,GR
18526767261011740232147370285343222916,Meine Mutter arbeitete schon seit ich mich erinnern kann a,,,SC,,GR
18526767261011740232147370285343222916,Meine Mutter arbeitete schon seit ich mich erinnern kann ,,,SC,,GR
18526767261011740232147370285343222916,Meine Mutter arbeitete schon seit ich mich erinnern kann im Migrationsbereich,,,SC,,GR
18526767261011740232147370285343222916,Meine Mutter arbeitet schon seit ich mich erinnern kann im Migrationsbereich,,,SC,,GR
18526767261011740232147370285343222916,Meine Mutter arbeitet schon seit ich mich erinnern kann im Migrationsbereich.,MC,CC,SC,,GR
18526787068052368798231768671330806916,Durch den frühen Ki,,,,,GR
18526787068052368798231768671330806916,Durch den frühen K,,,,,GR
18526787068052368798231768671330806916,Durch den frühen Kontakt mit ,,,,,GR
18526787068052368798231768671330806916,Durch den frühen und intensiven Kontakt mit ,,,,,GR
18526787068052368798231768671330806916,Durch den frühen und intensiven Kontakt mit verschiedenen Kulturen und m,,,,,GR
18526787068052368798231768671330806916,Durch den frühen und intensiven Kontakt mit verschiedenen Kulturen und ,,,,,GR
18526787068052368798231768671330806916,"Durch den frühen und intensiven Kontakt mit verschiedenen Kulturen und Menschen aus der ganzen Welt, lösten andere Gesellschaften und Länder schon immer eine grosse Faszination in mir aus.",MC,CC,SC,,GR
18526819551598999646610182024350444676,Dieses Interesse wuchs über die Jahre und veranlasste mich schliesslich dazu,,,SC,,GR
18526819551598999646610182024350444676,"Dieses Interesse wuchs über die Jahre und veranlasste mich schliesslich dazu, das Studium der sprachlichen Inter",,,SC,,GR
18526819551598999646610182024350444676,"Dieses Interesse wuchs über die Jahre und veranlasste mich schliesslich dazu, das Studium der sprachlichen Inte",,,SC,,GR
18526819551598999646610182024350444676,"Dieses Interesse wuchs über die Jahre und veranlasste mich schliesslich dazu, das Studium der sprachlichen Integration auszuwählen.",MC,CC,SC,,GR
18526850450582380209701843506491075716,Das sogenannr ,,,,,GR
18526850450582380209701843506491075716,Das sogenann ,,,,,GR
18526850450582380209701843506491075716,"Das sogenannte ""Fremde"" wurde für mich schnell heimisch und e ",,,SC,,GR
18526850450582380209701843506491075716,"Das sogenannte ""Fremde"" wurde für mich schnell heimisch und  ",,,SC,,GR
18526850450582380209701843506491075716,"Das sogenannte ""Fremde"" wurde für mich schnell heimisch und bekannt.",MC,CC,SC,MR,GR
18526878972720885344863377182313196676,"Mit den Jahren wurde mir irgendwann klar, dass ein so starker Wirtschaftsstandort wie die Schweit ",,,SC,,GR
18526878972720885344863377182313196676,"Mit den Jahren wurde mir irgendwann klar, dass ein so starker Wirtschaftsstandort wie die Schwei ",,,SC,,GR
18526878972720885344863377182313196676,"Mit den Jahren wurde mir irgendwann klar, dass ein so starker Wirtschaftsstandort wie die Schweiz schon immer auf Migration angewied ",,,SC,,GR
18526878972720885344863377182313196676,"Mit den Jahren wurde mir irgendwann klar, dass ein so starker Wirtschaftsstandort wie die Schweiz schon immer auf Migration angewie ",,,SC,,GR
18526878972720885344863377182313196676,"Mit den Jahren wurde mir irgendwann klar, dass ein so starker Wirtschaftsstandort wie die Schweiz schon immer auf Migration angewiesen war und es auch in Zukunft sein wird.",MC,CC,SC,MR,GR
18526914625394016763815294277090847876,Ausländische Arbeitsnehmenden ,,,,,GR
18526914625394016763815294277090847876,Ausländische Arbeitsnehmende ,,,,,GR
18526914625394016763815294277090847876,Ausländische Arbeitsnehmende sind zentral für eine florierende Wi ,,,SC,,GR
18526914625394016763815294277090847876,Ausländische Arbeitsnehmende sind zentral für eine florierende ,,,SC,,GR
18526914625394016763815294277090847876,Ausländische Arbeitsnehmende sind zentral für eine florierende und funktionierende Wirtsca ,,,SC,,GR
18526914625394016763815294277090847876,Ausländische Arbeitsnehmende sind zentral für eine florierende und funktionierende Wirtsc ,,,SC,,GR
18526914625394016763815294277090847876,Ausländische Arbeitsnehmende sind zentral für eine florierende und funktionierende Wirtschaft und Gesellschaft und das geht auch über die hiesigen Landesgrenzen hinaus.,MC,CC,SC,,GR
18527237084015449819669300000968715396,Trotz dieser Wichtigkeit sind Migrierende und vor allem Flüchtende zu häufig stigr ,,,SC,,GR
18527237084015449819669300000968715396,Trotz dieser Wichtigkeit sind Migrierende und vor allem Flüchtende zu häufig stig ,,,SC,,GR
18527237084015449819669300000968715396,Trotz dieser Wichtigkeit sind Migrierende und vor allem Flüchtende zu häufig stigmatisierenden und stereotypisierenden Vorurteilen ausgesetzt.,MC,CC,SC,,GR
18527290166884334376775487675415440516,Diese Ausgrenzung der Minderheitsgesellschaften kann zu einem G ,,,SC,,GR
18527290166884334376775487675415440516,Diese Ausgrenzung der Minderheitsgesellschaften kann zu einem  ,,,SC,,GR
18527290166884334376775487675415440516,"Diese Ausgrenzung der Minderheitsgesellschaften kann zu einem grossen Teil damit verhindert werden, wenn sich ausländische Personen schnell integrieren ",,,SC,,GR
18527290166884334376775487675415440516,"Diese Ausgrenzung der Minderheitsgesellschaften kann zu einem grossen Teil  verhindert werden, wenn sich ausländische Personen schnell integrieren ",,,SC,,GR
18527290166884334376775487675415440516,"Diese Ausgrenzung der Minderheitsgesellschaften kann zu einem grossen Teil verhindert werden, wenn sich ausländische Personen schnell integrieren ",,,SC,,GR
18527290166884334376775487675415440516,"Diese Ausgrenzung der Minderheitsgesellschaften kann zu einem grossen Teil verhindert werden, wenn sich ausländische Personen schnell integrieren.",MC,CC,SC,,GR
18527338496063468078021419737225145476,Integration passe ,,,SC,,GR
18527338496063468078021419737225145476,Integration pass ,,,,,GR
18527338496063468078021419737225145476,Integration passiert  ,,,SC,,GR
18527338496063468078021419737225145476,Integration ,,,,,GR
18527338496063468078021419737225145476,Integration sowie die gesellschaftliche Partiti ,,,,,GR
18527338496063468078021419737225145476,Integration sowie die gesellschaftliche Parti ,,,,,GR
18527338496063468078021419737225145476,Integration sowie die gesellschaftliche Partizipation geschieht zu einem seh ,,,SC,,
18527338496063468078021419737225145476,Integration sowie die gesellschaftliche Partizipation geschieht zu einem  ,,,SC,,GR
18527338496063468078021419737225145476,Integration sowie die gesellschaftliche Partizipation geschieht zu einem grossen Teil durch das Erlernen einer Landessprache.,MC,CC,SC,,GR
18527338496063468078021419737225145476,"Integration, sowie die gesellschaftliche Partizipation geschieht zu einem grossen Teil durch das Erlernen einer Landessprache.",MC,,,,GR
18527338496063468078021419737225145476,"Integration, sowie die gesellschaftliche Partizipation, geschieht zu einem grossen Teil durch das Erlernen einer Landessprache.",MC,CC,SC,,GR
18527416931944357199715637345735978116,"Man könnte also sagen, dass die ",,,SC,,GR
18527416931944357199715637345735978116,"Man k also sagen, dass die ",,,SC,,GR
18527416931944357199715637345735978116,"Man kann also sagen, dass die ",,,SC,,GR
18527416931944357199715637345735978116,"Man kann also sagen, dass die Sprache der Schlüssel zur Gesellschaft ist.",MC,CC,SC,MR,GR
18527470014813241756821825020182703236,"Die Zusammensetzung aus didaktischen, linguistiscen",,,,,GR
18527470014813241756821825020182703236,"Die Zusammensetzung aus didaktischen, linguistis",,,,,GR
18527470014813241756821825020182703236,"Die Zusammensetzung aus didaktischen, linguistischen und sozial-gesellschaftlc",,,,,GR
18527470014813241756821825020182703236,"Die Zusammensetzung aus didaktischen, linguistischen und sozial-gesellschaftl",,,,,GR
18527470014813241756821825020182703236,"Die Zusammensetzung aus didaktischen, linguistischen und sozial-gesellschaftlichen Modulen hat mich überzeugt ",,,SC,,GR
18527470014813241756821825020182703236,"Die Zusammensetzung aus didaktischen, linguistischen und sozial-gesellschaftlichen Modulen hat mich überzeugt",,,SC,,GR
18527470014813241756821825020182703236,"Die Zusammensetzung aus didaktischen, linguistischen und sozial-gesellschaftlichen Modulen hat mich überzeugt.",MC,CC,SC,MR,GR
18527533397343253168291899855342972036,Ich fand es enorm spannend im ,,,SC,,GR
18527533397343253168291899855342972036,Ich fand es enorm spannend i,,,SC,,GR
18527533397343253168291899855342972036,Ich fand es enorm spannend in den ersten zwei Semestern die arbaische ,,,SC,,GR
18527533397343253168291899855342972036,Ich fand es enorm spannend in den ersten zwei Semestern die ar,,,SC,,GR
18527533397343253168291899855342972036,Ich fand es enorm spannend in den ersten zwei Semestern die arabische Sprache zu erlernen und mc,,,SC,,GR
18527533397343253168291899855342972036,Ich fand es enorm spannend in den ersten zwei Semestern die arabische Sprache zu erlernen und m,,,SC,,GR
18527533397343253168291899855342972036,Ich fand es enorm spannend in den ersten zwei Semestern die arabische Sprache zu erlernen und mich so ,,,SC,,GR
18527533397343253168291899855342972036,Ich fand es enorm spannend in den ersten zwei Semestern die arabische Sprache zu erlernen und mich ,,,SC,,GR
18527533397343253168291899855342972036,Ich fand es enorm spannend in den ersten zwei Semestern die arabische Sprache zu erlernen und mich dadurch mitlerweile ,,,SC,,GR
18527533397343253168291899855342972036,Ich fand es enorm spannend in den ersten zwei Semestern die arabische Sprache zu erlernen und mich dadurch mittlerweile ,,,SC,,GR
18527533397343253168291899855342972036,Ich fand es enorm spannend in den ersten zwei Semestern die arabische Sprache zu erlernen und mich dadurch mittlerweile in Zweitschriftlernende hineinversetzen zu können.,MC,CC,SC,MR,GR
18527888339511317072524318932240477316,Ee,,,,,GR
18527888339511317072524318932240477316,E,,,,,GR
18527888339511317072524318932240477316,Ebenfalls finde ich,,,SC,,GR
18527888339511317072524318932240477316,Ebenfalls f,,,,,GR
18527888339511317072524318932240477316,Ebenfalls fand ich es sehr spannend mehr über die regionalen und ,,,SC,,GR
18527888339511317072524318932240477316,Ebenfalls fand ich es sehr spannend mehr über die regionalen ,,,SC,,GR
18527888339511317072524318932240477316,Ebenfalls fand ich es sehr spannend mehr über die regionalen und internationalen Sprachvarietäten der Deutschen Sprache,,,SC,,GR
18527888339511317072524318932240477316,Ebenfalls fand ich es sehr spannend mehr über die regionalen und internationalen Sprachvarietäten der eutschen Sprache,,,SC,,GR
18527888339511317072524318932240477316,Ebenfalls fand ich es sehr spannend mehr über die regionalen und internationalen Sprachvarietäten der deutschen Sprache,,,SC,,GR
18527888339511317072524318932240477316,Ebenfalls fand ich es sehr spannend mehr über die regionalen und internationalen Sprachvarietäten der deutschen Sprache zu erfahren ,,,SC,,GR
18527888339511317072524318932240477316,"Ebenfalls fand ich es sehr spannend mehr über die regionalen und internationalen Sprachvarietäten der deutschen Sprache zu erfahren,",,,SC,,GR
18527888339511317072524318932240477316,Ebenfalls fand ich es sehr spannend mehr über die regionalen und internationalen Sprachvarietäten der deutschen Sprache zu erfahren.,MC,CC,SC,MR,GR
18528052341807721599703137568217672836,Es ist nun ,,,SC,,GR
18528052341807721599703137568217672836,Es ist,,,SC,,GR
18528052341807721599703137568217672836,"Es ist nun mal so, dass Deutsch nicht gleich Deutsc ",,,SC,,GR
18528052341807721599703137568217672836,"Es ist nun mal so, dass Deutsch nicht gleich Deutsc",,,SC,,GR
18528052341807721599703137568217672836,"Es ist nun mal so, dass Deutsch nicht gleich Deutsch ist ",,,SC,,GR
18528052341807721599703137568217672836,"Es ist nun mal so, dass Deutsch nicht gleich Deutsch ist",,,SC,,GR
18528052341807721599703137568217672836,"Es ist nun mal so, dass Deutsch nicht gleich Deutsch ist.",MC,CC,SC,MR,GR
18528146623321113574264873885518572676,Wenn Menschen in die Scweiz ,,,,,GR
18528146623321113574264873885518572676,Wenn Menschen in die Sc,,,,,GR
18528146623321113574264873885518572676,Wenn Menschen in die Schweiz migrieren ,,,SC,,GR
18528146623321113574264873885518572676,Wenn Menschen in die Schweiz migrieren,,,SC,,GR
18528146623321113574264873885518572676,"Wenn Menschen in die Schweiz migrieren, reicht es für eine hundertprozentige I",,,SC,,GR
18528146623321113574264873885518572676,"Wenn Menschen in die Schweiz migrieren, reicht es für eine hundertprozentige ",,,SC,,GR
18528146623321113574264873885518572676,"Wenn Menschen in die Schweiz migrieren, reicht es für eine hundertprozentige Partizipation oftmals nicht aus ",,,SC,,GR
18528146623321113574264873885518572676,"Wenn Menschen in die Schweiz migrieren, reicht es für eine hundertprozentige Partizipation oftmals nicht aus",,,SC,,GR
18528146623321113574264873885518572676,"Wenn Menschen in die Schweiz migrieren, reicht es für eine hundertprozentige Partizipation oftmals nicht aus, hoch",,,SC,,GR
18528146623321113574264873885518572676,"Wenn Menschen in die Schweiz migrieren, reicht es für eine hundertprozentige Partizipation oftmals nicht aus, ",,,SC,,GR
18528146623321113574264873885518572676,"Wenn Menschen in die Schweiz migrieren, reicht es für eine hundertprozentige Partizipation oftmals nicht aus, Hochsd",,,SC,,GR
18528146623321113574264873885518572676,"Wenn Menschen in die Schweiz migrieren, reicht es für eine hundertprozentige Partizipation oftmals nicht aus, Hoch",,,SC,,GR
18528146623321113574264873885518572676,"Wenn Menschen in die Schweiz migrieren, reicht es für eine hundertprozentige Partizipation oftmals nicht aus, Hochdeutsch zu lernen ",,,SC,,GR
18528146623321113574264873885518572676,"Wenn Menschen in die Schweiz migrieren, reicht es für eine hundertprozentige Partizipation oftmals nicht aus, Hochdeutsch zu lernen",,,SC,,GR
18528146623321113574264873885518572676,"Wenn Menschen in die Schweiz migrieren, reicht es für eine hundertprozentige Partizipation oftmals nicht aus, Hochdeutsch zu lernen.",MC,CC,SC,MR,GR
18528342316882523807178729939075902596,Migrierende stehen vor einer weiteren Herausforderung ,,,SC,,GR
18528342316882523807178729939075902596,Migrierende stehen vor einer weiteren Herausforderung,,,SC,,GR
18528342316882523807178729939075902596,"Migrierende stehen vor einer weiteren Herausforderung, nämlich die",,,SC,,GR
18528342316882523807178729939075902596,"Migrierende stehen vor einer weiteren Herausforderung, nämlich d",,,SC,,GR
18528342316882523807178729939075902596,"Migrierende stehen vor einer weiteren Herausforderung, nämlich das Schweizerdeutsche zumindest verset",,,SC,,GR
18528342316882523807178729939075902596,"Migrierende stehen vor einer weiteren Herausforderung, nämlich das Schweizerdeutsche zumindest ver",,,SC,,GR
18528342316882523807178729939075902596,"Migrierende stehen vor einer weiteren Herausforderung, nämlich das Schweizerdeutsche zumindest verstehen zu können.",MC,CC,SC,MR,GR
18528477797040423199196014899230977156,"Die Integration ist und bleibt ein komplexes, faszinierendes und hochinteressantes Thema-",,,SC,,GR
18528477797040423199196014899230977156,"Die Integration ist und bleibt ein komplexes, faszinierendes und hochinteressantes Thema",,,SC,,GR
18528477797040423199196014899230977156,"Die Integration ist und bleibt ein komplexes, faszinierendes und hochinteressantes Thema.",MC,CC,SC,MR,GR
18528518203403305474008187606645648516,Wie sich die Schweiz als Migrationsgesellschaft zukünftig entwickeln wird ,,,,,GR
18528518203403305474008187606645648516,Wie sich die Schweiz als Migrationsgesellschaft zukünftig entwickeln wird,,,,,GR
18528518203403305474008187606645648516,"Wie sich die Schweiz als Migrationsgesellschaft zukünftig entwickeln wird, ",,,,,GR
18528518203403305474008187606645648516,"Wie sich die Schweiz als Migrationsgesellschaft  entwickeln wird, ",,,,,GR
18528518203403305474008187606645648516,"Wie sich die Schweiz als Migrationsgesellschaft  entwickeln wird, wird die Zukunft zeigen.",MC,CC,SC,MR,GR
18528583170496567170765014312684924036,"Als Expert*in in diesem Bereich kannst du diese Zukunft, unsere Zukunft, mitgestalten ",,,SC,,GR
18528583170496567170765014312684924036,"Als Expert*in in diesem Bereich kannst du diese Zukunft, unsere Zukunft, mitgestalten",,,SC,,GR
18528583170496567170765014312684924036,"Als Expert*in in diesem Bereich kannst du diese Zukunft, unsere Zukunft, mitgestalten.",MC,CC,SC,MR,GR
18528618823169698589716931407462575236,Wegen dieser gesamtgesellschaftlichen Wichtigkeit ,,,,,GR
18528618823169698589716931407462575236,Wegen dieser gesamtgesellschaftlichen Wichtigkeit,,,,,GR
18528618823169698589716931407462575236,Wegen dieser gesamtgesellschaftlichen Wichtigkeit habe ich mich für das zukunftsorientierte Studium der sprachlichen Integration entschieden.,MC,CC,SC,MR,GR
